set define off;
--------------------------------------------------------
--1. Table WSC_GL_COA_MAP_T
--------------------------------------------------------
--------------------------------------------------------
--  File created - Monday-November-08-2021   
--------------------------------------------------------
REM INSERTING into FININT.WSC_GL_COA_MAP_T
SET DEFINE OFF;
Insert into FININT.WSC_GL_COA_MAP_T (COA_MAP_ID,COA_MAP_NAME,SOURCE_COA,TARGET_COA,SOURCE_SYSTEM,TARGET_SYSTEM,ATTRIBUTE1,ATTRIBUTE2,ATTRIBUTE3,ATTRIBUTE4,ATTRIBUTE5,ATTRIBUTE6,ATTRIBUTE7,ATTRIBUTE8,ATTRIBUTE9,ATTRIBUTE10,CREATED_BY,CREATION_DATE,LAST_UPDATED_BY,LAST_UPDATE_DATE,LAST_UPDATED_LOGIN) values (1,'WESCO to Cloud','WESCO EBS COA','Cloud COA','Oracle EBS','Oracle ERP Cloud',null,null,null,null,null,null,null,null,null,null,null,null,null,null,null);
Insert into FININT.WSC_GL_COA_MAP_T (COA_MAP_ID,COA_MAP_NAME,SOURCE_COA,TARGET_COA,SOURCE_SYSTEM,TARGET_SYSTEM,ATTRIBUTE1,ATTRIBUTE2,ATTRIBUTE3,ATTRIBUTE4,ATTRIBUTE5,ATTRIBUTE6,ATTRIBUTE7,ATTRIBUTE8,ATTRIBUTE9,ATTRIBUTE10,CREATED_BY,CREATION_DATE,LAST_UPDATED_BY,LAST_UPDATE_DATE,LAST_UPDATED_LOGIN) values (2,'Anixter to Cloud','Anixter COA','Cloud COA','ANIXTER','Oracle ERP Cloud',null,null,null,null,null,null,null,null,null,null,null,null,null,null,null);
Insert into FININT.WSC_GL_COA_MAP_T (COA_MAP_ID,COA_MAP_NAME,SOURCE_COA,TARGET_COA,SOURCE_SYSTEM,TARGET_SYSTEM,ATTRIBUTE1,ATTRIBUTE2,ATTRIBUTE3,ATTRIBUTE4,ATTRIBUTE5,ATTRIBUTE6,ATTRIBUTE7,ATTRIBUTE8,ATTRIBUTE9,ATTRIBUTE10,CREATED_BY,CREATION_DATE,LAST_UPDATED_BY,LAST_UPDATE_DATE,LAST_UPDATED_LOGIN) values (3,'Central to Cloud','Central COA','Cloud COA','CENTRAL','Oracle ERP Cloud',null,null,null,null,null,null,null,null,null,null,null,null,null,null,null);
Insert into FININT.WSC_GL_COA_MAP_T (COA_MAP_ID,COA_MAP_NAME,SOURCE_COA,TARGET_COA,SOURCE_SYSTEM,TARGET_SYSTEM,ATTRIBUTE1,ATTRIBUTE2,ATTRIBUTE3,ATTRIBUTE4,ATTRIBUTE5,ATTRIBUTE6,ATTRIBUTE7,ATTRIBUTE8,ATTRIBUTE9,ATTRIBUTE10,CREATED_BY,CREATION_DATE,LAST_UPDATED_BY,LAST_UPDATE_DATE,LAST_UPDATED_LOGIN) values (4,'POC to Cloud','POC COA','Cloud COA','Oracle POC','Oracle ERP Cloud',null,null,null,null,null,null,null,null,null,null,null,null,null,null,null);
commit;

--------------------------------------------------------
--2. Table WSC_GL_COA_SYSTEM_DEFINITIONS_T
--------------------------------------------------------

--------------------------------------------------------
--  File created - Monday-November-08-2021   
--------------------------------------------------------
REM INSERTING into FININT.WSC_GL_COA_SYSTEM_DEFINITIONS_T
SET DEFINE OFF;
Insert into FININT.WSC_GL_COA_SYSTEM_DEFINITIONS_T (SYSTEM_ID,SYSTEM_NAME,SOURCE_FLAG,TARGET_FLAG,START_DATE,END_DATE,ENABLED_FLAG,DESCRIPTION,ATTRIBUTE1,ATTRIBUTE2,ATTRIBUTE3,ATTRIBUTE4,ATTRIBUTE5,ATTRIBUTE6,ATTRIBUTE7,ATTRIBUTE8,ATTRIBUTE9,ATTRIBUTE10,CREATED_BY,CREATION_DATE,LAST_UPDATED_BY,LAST_UPDATE_DATE,LAST_UPDATED_LOGIN) values (3,'Oracle POC','Y','N',null,null,null,null,null,null,null,null,null,null,null,null,null,null,null,to_date('09-AUG-21','DD-MON-RR'),null,to_date('09-AUG-21','DD-MON-RR'),null);
Insert into FININT.WSC_GL_COA_SYSTEM_DEFINITIONS_T (SYSTEM_ID,SYSTEM_NAME,SOURCE_FLAG,TARGET_FLAG,START_DATE,END_DATE,ENABLED_FLAG,DESCRIPTION,ATTRIBUTE1,ATTRIBUTE2,ATTRIBUTE3,ATTRIBUTE4,ATTRIBUTE5,ATTRIBUTE6,ATTRIBUTE7,ATTRIBUTE8,ATTRIBUTE9,ATTRIBUTE10,CREATED_BY,CREATION_DATE,LAST_UPDATED_BY,LAST_UPDATE_DATE,LAST_UPDATED_LOGIN) values (1,'Oracle EBS','Y','N',null,null,null,null,null,null,null,null,null,null,null,null,null,null,null,null,null,null,null);
Insert into FININT.WSC_GL_COA_SYSTEM_DEFINITIONS_T (SYSTEM_ID,SYSTEM_NAME,SOURCE_FLAG,TARGET_FLAG,START_DATE,END_DATE,ENABLED_FLAG,DESCRIPTION,ATTRIBUTE1,ATTRIBUTE2,ATTRIBUTE3,ATTRIBUTE4,ATTRIBUTE5,ATTRIBUTE6,ATTRIBUTE7,ATTRIBUTE8,ATTRIBUTE9,ATTRIBUTE10,CREATED_BY,CREATION_DATE,LAST_UPDATED_BY,LAST_UPDATE_DATE,LAST_UPDATED_LOGIN) values (4,'CENTRAL','Y','N',null,null,null,null,null,null,null,null,null,null,null,null,null,null,null,null,null,null,null);
Insert into FININT.WSC_GL_COA_SYSTEM_DEFINITIONS_T (SYSTEM_ID,SYSTEM_NAME,SOURCE_FLAG,TARGET_FLAG,START_DATE,END_DATE,ENABLED_FLAG,DESCRIPTION,ATTRIBUTE1,ATTRIBUTE2,ATTRIBUTE3,ATTRIBUTE4,ATTRIBUTE5,ATTRIBUTE6,ATTRIBUTE7,ATTRIBUTE8,ATTRIBUTE9,ATTRIBUTE10,CREATED_BY,CREATION_DATE,LAST_UPDATED_BY,LAST_UPDATE_DATE,LAST_UPDATED_LOGIN) values (2,'Oracle ERP Cloud','N','Y',null,null,null,null,null,null,null,null,null,null,null,null,null,null,null,null,null,null,null);
commit;

--------------------------------------------------------
--3. Table WSC_GL_COA_SEGMENT_DEFINITIONS_T
--------------------------------------------------------

--------------------------------------------------------
--  File created - Monday-November-08-2021   
--------------------------------------------------------
REM INSERTING into FININT.WSC_GL_COA_SEGMENT_DEFINITIONS_T
SET DEFINE OFF;
Insert into FININT.WSC_GL_COA_SEGMENT_DEFINITIONS_T (SEGMENT_ID,SYSTEM_NAME,SEGMENT_NAME,SEGMENT_DESC,SOURCE_FLAG,TARGET_FLAG,START_DATE,END_DATE,ENABLED_FLAG,DISPLAY_SEQUENCE,SEGMENT_LENGTH,DEFAULT_VALUE,ATTRIBUTE1,ATTRIBUTE2,ATTRIBUTE3,ATTRIBUTE4,ATTRIBUTE5,ATTRIBUTE6,ATTRIBUTE7,ATTRIBUTE8,ATTRIBUTE9,ATTRIBUTE10,CREATED_BY,CREATION_DATE,LAST_UPDATED_BY,LAST_UPDATE_DATE,LAST_UPDATED_LOGIN) values (6,'Oracle EBS','segment6','Future 1','Y','N',null,null,null,6,null,null,null,null,null,null,null,null,null,null,null,null,null,null,null,null,null);
Insert into FININT.WSC_GL_COA_SEGMENT_DEFINITIONS_T (SEGMENT_ID,SYSTEM_NAME,SEGMENT_NAME,SEGMENT_DESC,SOURCE_FLAG,TARGET_FLAG,START_DATE,END_DATE,ENABLED_FLAG,DISPLAY_SEQUENCE,SEGMENT_LENGTH,DEFAULT_VALUE,ATTRIBUTE1,ATTRIBUTE2,ATTRIBUTE3,ATTRIBUTE4,ATTRIBUTE5,ATTRIBUTE6,ATTRIBUTE7,ATTRIBUTE8,ATTRIBUTE9,ATTRIBUTE10,CREATED_BY,CREATION_DATE,LAST_UPDATED_BY,LAST_UPDATE_DATE,LAST_UPDATED_LOGIN) values (7,'Oracle EBS','segment7','Future 2','Y','N',null,null,null,7,null,null,null,null,null,null,null,null,null,null,null,null,null,null,null,null,null);
Insert into FININT.WSC_GL_COA_SEGMENT_DEFINITIONS_T (SEGMENT_ID,SYSTEM_NAME,SEGMENT_NAME,SEGMENT_DESC,SOURCE_FLAG,TARGET_FLAG,START_DATE,END_DATE,ENABLED_FLAG,DISPLAY_SEQUENCE,SEGMENT_LENGTH,DEFAULT_VALUE,ATTRIBUTE1,ATTRIBUTE2,ATTRIBUTE3,ATTRIBUTE4,ATTRIBUTE5,ATTRIBUTE6,ATTRIBUTE7,ATTRIBUTE8,ATTRIBUTE9,ATTRIBUTE10,CREATED_BY,CREATION_DATE,LAST_UPDATED_BY,LAST_UPDATE_DATE,LAST_UPDATED_LOGIN) values (4,'Oracle EBS','segment4','Intercompany','Y','N',null,null,null,4,null,null,null,null,null,null,null,null,null,null,null,null,null,null,null,null,null);
Insert into FININT.WSC_GL_COA_SEGMENT_DEFINITIONS_T (SEGMENT_ID,SYSTEM_NAME,SEGMENT_NAME,SEGMENT_DESC,SOURCE_FLAG,TARGET_FLAG,START_DATE,END_DATE,ENABLED_FLAG,DISPLAY_SEQUENCE,SEGMENT_LENGTH,DEFAULT_VALUE,ATTRIBUTE1,ATTRIBUTE2,ATTRIBUTE3,ATTRIBUTE4,ATTRIBUTE5,ATTRIBUTE6,ATTRIBUTE7,ATTRIBUTE8,ATTRIBUTE9,ATTRIBUTE10,CREATED_BY,CREATION_DATE,LAST_UPDATED_BY,LAST_UPDATE_DATE,LAST_UPDATED_LOGIN) values (5,'Oracle EBS','segment5','Legacy Ledger','Y','N',null,null,null,5,null,null,null,null,null,null,null,null,null,null,null,null,null,null,null,null,null);
Insert into FININT.WSC_GL_COA_SEGMENT_DEFINITIONS_T (SEGMENT_ID,SYSTEM_NAME,SEGMENT_NAME,SEGMENT_DESC,SOURCE_FLAG,TARGET_FLAG,START_DATE,END_DATE,ENABLED_FLAG,DISPLAY_SEQUENCE,SEGMENT_LENGTH,DEFAULT_VALUE,ATTRIBUTE1,ATTRIBUTE2,ATTRIBUTE3,ATTRIBUTE4,ATTRIBUTE5,ATTRIBUTE6,ATTRIBUTE7,ATTRIBUTE8,ATTRIBUTE9,ATTRIBUTE10,CREATED_BY,CREATION_DATE,LAST_UPDATED_BY,LAST_UPDATE_DATE,LAST_UPDATED_LOGIN) values (1,'Oracle EBS','segment1','Legal Entity','Y','N',null,null,null,1,null,null,null,null,null,null,null,null,null,null,null,null,null,null,null,null,null);
Insert into FININT.WSC_GL_COA_SEGMENT_DEFINITIONS_T (SEGMENT_ID,SYSTEM_NAME,SEGMENT_NAME,SEGMENT_DESC,SOURCE_FLAG,TARGET_FLAG,START_DATE,END_DATE,ENABLED_FLAG,DISPLAY_SEQUENCE,SEGMENT_LENGTH,DEFAULT_VALUE,ATTRIBUTE1,ATTRIBUTE2,ATTRIBUTE3,ATTRIBUTE4,ATTRIBUTE5,ATTRIBUTE6,ATTRIBUTE7,ATTRIBUTE8,ATTRIBUTE9,ATTRIBUTE10,CREATED_BY,CREATION_DATE,LAST_UPDATED_BY,LAST_UPDATE_DATE,LAST_UPDATED_LOGIN) values (8,'Oracle EBS','segment8','Future 3','Y','N',null,null,null,8,null,null,null,null,null,null,null,null,null,null,null,null,null,null,null,null,null);
Insert into FININT.WSC_GL_COA_SEGMENT_DEFINITIONS_T (SEGMENT_ID,SYSTEM_NAME,SEGMENT_NAME,SEGMENT_DESC,SOURCE_FLAG,TARGET_FLAG,START_DATE,END_DATE,ENABLED_FLAG,DISPLAY_SEQUENCE,SEGMENT_LENGTH,DEFAULT_VALUE,ATTRIBUTE1,ATTRIBUTE2,ATTRIBUTE3,ATTRIBUTE4,ATTRIBUTE5,ATTRIBUTE6,ATTRIBUTE7,ATTRIBUTE8,ATTRIBUTE9,ATTRIBUTE10,CREATED_BY,CREATION_DATE,LAST_UPDATED_BY,LAST_UPDATE_DATE,LAST_UPDATED_LOGIN) values (2,'Oracle ERP Cloud','segment3','Account','N','Y',null,null,null,3,null,null,null,null,null,null,null,null,null,null,null,null,null,null,null,null,null);
Insert into FININT.WSC_GL_COA_SEGMENT_DEFINITIONS_T (SEGMENT_ID,SYSTEM_NAME,SEGMENT_NAME,SEGMENT_DESC,SOURCE_FLAG,TARGET_FLAG,START_DATE,END_DATE,ENABLED_FLAG,DISPLAY_SEQUENCE,SEGMENT_LENGTH,DEFAULT_VALUE,ATTRIBUTE1,ATTRIBUTE2,ATTRIBUTE3,ATTRIBUTE4,ATTRIBUTE5,ATTRIBUTE6,ATTRIBUTE7,ATTRIBUTE8,ATTRIBUTE9,ATTRIBUTE10,CREATED_BY,CREATION_DATE,LAST_UPDATED_BY,LAST_UPDATE_DATE,LAST_UPDATED_LOGIN) values (4,'Oracle ERP Cloud','segment4','Department','N','Y',null,null,null,4,null,null,null,null,null,null,null,null,null,null,null,null,null,null,null,null,null);
Insert into FININT.WSC_GL_COA_SEGMENT_DEFINITIONS_T (SEGMENT_ID,SYSTEM_NAME,SEGMENT_NAME,SEGMENT_DESC,SOURCE_FLAG,TARGET_FLAG,START_DATE,END_DATE,ENABLED_FLAG,DISPLAY_SEQUENCE,SEGMENT_LENGTH,DEFAULT_VALUE,ATTRIBUTE1,ATTRIBUTE2,ATTRIBUTE3,ATTRIBUTE4,ATTRIBUTE5,ATTRIBUTE6,ATTRIBUTE7,ATTRIBUTE8,ATTRIBUTE9,ATTRIBUTE10,CREATED_BY,CREATION_DATE,LAST_UPDATED_BY,LAST_UPDATE_DATE,LAST_UPDATED_LOGIN) values (6,'Oracle ERP Cloud','segment6','Intercompany','N','Y',null,null,null,6,null,null,null,null,null,null,null,null,null,null,null,null,null,null,null,null,null);
Insert into FININT.WSC_GL_COA_SEGMENT_DEFINITIONS_T (SEGMENT_ID,SYSTEM_NAME,SEGMENT_NAME,SEGMENT_DESC,SOURCE_FLAG,TARGET_FLAG,START_DATE,END_DATE,ENABLED_FLAG,DISPLAY_SEQUENCE,SEGMENT_LENGTH,DEFAULT_VALUE,ATTRIBUTE1,ATTRIBUTE2,ATTRIBUTE3,ATTRIBUTE4,ATTRIBUTE5,ATTRIBUTE6,ATTRIBUTE7,ATTRIBUTE8,ATTRIBUTE9,ATTRIBUTE10,CREATED_BY,CREATION_DATE,LAST_UPDATED_BY,LAST_UPDATE_DATE,LAST_UPDATED_LOGIN) values (7,'Oracle ERP Cloud','segment7','Programs/Projects','N','Y',null,null,null,7,null,null,null,null,null,null,null,null,null,null,null,null,null,null,null,null,null);
Insert into FININT.WSC_GL_COA_SEGMENT_DEFINITIONS_T (SEGMENT_ID,SYSTEM_NAME,SEGMENT_NAME,SEGMENT_DESC,SOURCE_FLAG,TARGET_FLAG,START_DATE,END_DATE,ENABLED_FLAG,DISPLAY_SEQUENCE,SEGMENT_LENGTH,DEFAULT_VALUE,ATTRIBUTE1,ATTRIBUTE2,ATTRIBUTE3,ATTRIBUTE4,ATTRIBUTE5,ATTRIBUTE6,ATTRIBUTE7,ATTRIBUTE8,ATTRIBUTE9,ATTRIBUTE10,CREATED_BY,CREATION_DATE,LAST_UPDATED_BY,LAST_UPDATE_DATE,LAST_UPDATED_LOGIN) values (8,'Oracle ERP Cloud','segment8','Future 1','N','Y',null,null,null,8,null,null,null,null,null,null,null,null,null,null,null,null,null,null,null,null,null);
Insert into FININT.WSC_GL_COA_SEGMENT_DEFINITIONS_T (SEGMENT_ID,SYSTEM_NAME,SEGMENT_NAME,SEGMENT_DESC,SOURCE_FLAG,TARGET_FLAG,START_DATE,END_DATE,ENABLED_FLAG,DISPLAY_SEQUENCE,SEGMENT_LENGTH,DEFAULT_VALUE,ATTRIBUTE1,ATTRIBUTE2,ATTRIBUTE3,ATTRIBUTE4,ATTRIBUTE5,ATTRIBUTE6,ATTRIBUTE7,ATTRIBUTE8,ATTRIBUTE9,ATTRIBUTE10,CREATED_BY,CREATION_DATE,LAST_UPDATED_BY,LAST_UPDATE_DATE,LAST_UPDATED_LOGIN) values (9,'Oracle ERP Cloud','segment9','Future 2','N','Y',null,null,null,9,null,null,null,null,null,null,null,null,null,null,null,null,null,null,null,null,null);
Insert into FININT.WSC_GL_COA_SEGMENT_DEFINITIONS_T (SEGMENT_ID,SYSTEM_NAME,SEGMENT_NAME,SEGMENT_DESC,SOURCE_FLAG,TARGET_FLAG,START_DATE,END_DATE,ENABLED_FLAG,DISPLAY_SEQUENCE,SEGMENT_LENGTH,DEFAULT_VALUE,ATTRIBUTE1,ATTRIBUTE2,ATTRIBUTE3,ATTRIBUTE4,ATTRIBUTE5,ATTRIBUTE6,ATTRIBUTE7,ATTRIBUTE8,ATTRIBUTE9,ATTRIBUTE10,CREATED_BY,CREATION_DATE,LAST_UPDATED_BY,LAST_UPDATE_DATE,LAST_UPDATED_LOGIN) values (2,'Oracle EBS','segment2','Branch','Y','N',null,null,null,2,null,null,null,null,null,null,null,null,null,null,null,null,null,null,null,null,null);
Insert into FININT.WSC_GL_COA_SEGMENT_DEFINITIONS_T (SEGMENT_ID,SYSTEM_NAME,SEGMENT_NAME,SEGMENT_DESC,SOURCE_FLAG,TARGET_FLAG,START_DATE,END_DATE,ENABLED_FLAG,DISPLAY_SEQUENCE,SEGMENT_LENGTH,DEFAULT_VALUE,ATTRIBUTE1,ATTRIBUTE2,ATTRIBUTE3,ATTRIBUTE4,ATTRIBUTE5,ATTRIBUTE6,ATTRIBUTE7,ATTRIBUTE8,ATTRIBUTE9,ATTRIBUTE10,CREATED_BY,CREATION_DATE,LAST_UPDATED_BY,LAST_UPDATE_DATE,LAST_UPDATED_LOGIN) values (3,'Oracle EBS','segment3','Account','Y','N',null,null,null,3,null,null,null,null,null,null,null,null,null,null,null,null,null,null,null,null,null);
Insert into FININT.WSC_GL_COA_SEGMENT_DEFINITIONS_T (SEGMENT_ID,SYSTEM_NAME,SEGMENT_NAME,SEGMENT_DESC,SOURCE_FLAG,TARGET_FLAG,START_DATE,END_DATE,ENABLED_FLAG,DISPLAY_SEQUENCE,SEGMENT_LENGTH,DEFAULT_VALUE,ATTRIBUTE1,ATTRIBUTE2,ATTRIBUTE3,ATTRIBUTE4,ATTRIBUTE5,ATTRIBUTE6,ATTRIBUTE7,ATTRIBUTE8,ATTRIBUTE9,ATTRIBUTE10,CREATED_BY,CREATION_DATE,LAST_UPDATED_BY,LAST_UPDATE_DATE,LAST_UPDATED_LOGIN) values (1,'Oracle ERP Cloud','segment1','Legal Entity','N','Y',null,null,null,1,null,null,null,null,null,null,null,null,null,null,null,null,null,null,null,null,null);
Insert into FININT.WSC_GL_COA_SEGMENT_DEFINITIONS_T (SEGMENT_ID,SYSTEM_NAME,SEGMENT_NAME,SEGMENT_DESC,SOURCE_FLAG,TARGET_FLAG,START_DATE,END_DATE,ENABLED_FLAG,DISPLAY_SEQUENCE,SEGMENT_LENGTH,DEFAULT_VALUE,ATTRIBUTE1,ATTRIBUTE2,ATTRIBUTE3,ATTRIBUTE4,ATTRIBUTE5,ATTRIBUTE6,ATTRIBUTE7,ATTRIBUTE8,ATTRIBUTE9,ATTRIBUTE10,CREATED_BY,CREATION_DATE,LAST_UPDATED_BY,LAST_UPDATE_DATE,LAST_UPDATED_LOGIN) values (3,'Oracle ERP Cloud','segment2','Operating Group','N','Y',null,null,null,2,null,null,null,null,null,null,null,null,null,null,null,null,null,null,null,null,null);
Insert into FININT.WSC_GL_COA_SEGMENT_DEFINITIONS_T (SEGMENT_ID,SYSTEM_NAME,SEGMENT_NAME,SEGMENT_DESC,SOURCE_FLAG,TARGET_FLAG,START_DATE,END_DATE,ENABLED_FLAG,DISPLAY_SEQUENCE,SEGMENT_LENGTH,DEFAULT_VALUE,ATTRIBUTE1,ATTRIBUTE2,ATTRIBUTE3,ATTRIBUTE4,ATTRIBUTE5,ATTRIBUTE6,ATTRIBUTE7,ATTRIBUTE8,ATTRIBUTE9,ATTRIBUTE10,CREATED_BY,CREATION_DATE,LAST_UPDATED_BY,LAST_UPDATE_DATE,LAST_UPDATED_LOGIN) values (5,'Oracle ERP Cloud','segment5','Site','N','Y',null,null,null,5,null,null,null,null,null,null,null,null,null,null,null,null,null,null,null,null,null);
commit;
--------------------------------------------------------
--4. Table WSC_GL_COA_MAPPING_RULES_T
--------------------------------------------------------

--------------------------------------------------------
--  File created - Monday-November-08-2021   
--------------------------------------------------------
REM INSERTING into FININT.WSC_GL_COA_MAPPING_RULES_T
SET DEFINE OFF;
Insert into FININT.WSC_GL_COA_MAPPING_RULES_T (RULE_ID,COA_MAP_ID,RULE_NAME,DESCRIPTION,RULE_PRIORITY,SOURCE_SYSTEM,TARGET_SYSTEM,SOURCE_SEGMENT1,SOURCE_SEGMENT2,SOURCE_SEGMENT3,SOURCE_SEGMENT4,SOURCE_SEGMENT5,SOURCE_SEGMENT6,SOURCE_SEGMENT7,SOURCE_SEGMENT8,SOURCE_SEGMENT9,SOURCE_SEGMENT10,TARGET_SEGMENT,DEFAULT_VALUE,ATTRIBUTE1,ATTRIBUTE2,ATTRIBUTE3,ATTRIBUTE4,ATTRIBUTE5,ATTRIBUTE6,ATTRIBUTE7,ATTRIBUTE8,ATTRIBUTE9,ATTRIBUTE10,CREATED_BY,CREATION_DATE,LAST_UPDATED_BY,LAST_UPDATE_DATE,LAST_UPDATED_LOGIN) values (1,1,'WESCO - LE - Based on LE and Ledger',null,1,'Oracle EBS','Oracle ERP Cloud','Y',null,null,null,null,null,null,'Y',null,null,'segment1',null,null,null,null,null,null,null,null,null,null,null,null,null,null,to_date('06-SEP-21','DD-MON-RR'),null);
Insert into FININT.WSC_GL_COA_MAPPING_RULES_T (RULE_ID,COA_MAP_ID,RULE_NAME,DESCRIPTION,RULE_PRIORITY,SOURCE_SYSTEM,TARGET_SYSTEM,SOURCE_SEGMENT1,SOURCE_SEGMENT2,SOURCE_SEGMENT3,SOURCE_SEGMENT4,SOURCE_SEGMENT5,SOURCE_SEGMENT6,SOURCE_SEGMENT7,SOURCE_SEGMENT8,SOURCE_SEGMENT9,SOURCE_SEGMENT10,TARGET_SEGMENT,DEFAULT_VALUE,ATTRIBUTE1,ATTRIBUTE2,ATTRIBUTE3,ATTRIBUTE4,ATTRIBUTE5,ATTRIBUTE6,ATTRIBUTE7,ATTRIBUTE8,ATTRIBUTE9,ATTRIBUTE10,CREATED_BY,CREATION_DATE,LAST_UPDATED_BY,LAST_UPDATE_DATE,LAST_UPDATED_LOGIN) values (2,1,'WESCO - LE - Based on LE',null,2,'Oracle EBS','Oracle ERP Cloud','Y',null,null,null,null,null,null,null,null,null,'segment1',null,null,null,null,null,null,null,null,null,null,null,null,null,null,to_date('06-SEP-21','DD-MON-RR'),null);
Insert into FININT.WSC_GL_COA_MAPPING_RULES_T (RULE_ID,COA_MAP_ID,RULE_NAME,DESCRIPTION,RULE_PRIORITY,SOURCE_SYSTEM,TARGET_SYSTEM,SOURCE_SEGMENT1,SOURCE_SEGMENT2,SOURCE_SEGMENT3,SOURCE_SEGMENT4,SOURCE_SEGMENT5,SOURCE_SEGMENT6,SOURCE_SEGMENT7,SOURCE_SEGMENT8,SOURCE_SEGMENT9,SOURCE_SEGMENT10,TARGET_SEGMENT,DEFAULT_VALUE,ATTRIBUTE1,ATTRIBUTE2,ATTRIBUTE3,ATTRIBUTE4,ATTRIBUTE5,ATTRIBUTE6,ATTRIBUTE7,ATTRIBUTE8,ATTRIBUTE9,ATTRIBUTE10,CREATED_BY,CREATION_DATE,LAST_UPDATED_BY,LAST_UPDATE_DATE,LAST_UPDATED_LOGIN) values (28,1,'WESCO - OpGroup - Based on Account',null,1,'Oracle EBS','Oracle ERP Cloud',null,null,'Y',null,null,null,null,null,null,null,'segment2',null,null,null,null,null,null,null,null,null,null,null,null,null,null,to_date('06-SEP-21','DD-MON-RR'),null);
Insert into FININT.WSC_GL_COA_MAPPING_RULES_T (RULE_ID,COA_MAP_ID,RULE_NAME,DESCRIPTION,RULE_PRIORITY,SOURCE_SYSTEM,TARGET_SYSTEM,SOURCE_SEGMENT1,SOURCE_SEGMENT2,SOURCE_SEGMENT3,SOURCE_SEGMENT4,SOURCE_SEGMENT5,SOURCE_SEGMENT6,SOURCE_SEGMENT7,SOURCE_SEGMENT8,SOURCE_SEGMENT9,SOURCE_SEGMENT10,TARGET_SEGMENT,DEFAULT_VALUE,ATTRIBUTE1,ATTRIBUTE2,ATTRIBUTE3,ATTRIBUTE4,ATTRIBUTE5,ATTRIBUTE6,ATTRIBUTE7,ATTRIBUTE8,ATTRIBUTE9,ATTRIBUTE10,CREATED_BY,CREATION_DATE,LAST_UPDATED_BY,LAST_UPDATE_DATE,LAST_UPDATED_LOGIN) values (4,1,'WESCO - OpGroup - Based on Branch',null,2,'Oracle EBS','Oracle ERP Cloud',null,'Y',null,null,null,null,null,null,null,null,'segment2',null,null,null,null,null,null,null,null,null,null,null,null,null,null,to_date('06-SEP-21','DD-MON-RR'),null);
Insert into FININT.WSC_GL_COA_MAPPING_RULES_T (RULE_ID,COA_MAP_ID,RULE_NAME,DESCRIPTION,RULE_PRIORITY,SOURCE_SYSTEM,TARGET_SYSTEM,SOURCE_SEGMENT1,SOURCE_SEGMENT2,SOURCE_SEGMENT3,SOURCE_SEGMENT4,SOURCE_SEGMENT5,SOURCE_SEGMENT6,SOURCE_SEGMENT7,SOURCE_SEGMENT8,SOURCE_SEGMENT9,SOURCE_SEGMENT10,TARGET_SEGMENT,DEFAULT_VALUE,ATTRIBUTE1,ATTRIBUTE2,ATTRIBUTE3,ATTRIBUTE4,ATTRIBUTE5,ATTRIBUTE6,ATTRIBUTE7,ATTRIBUTE8,ATTRIBUTE9,ATTRIBUTE10,CREATED_BY,CREATION_DATE,LAST_UPDATED_BY,LAST_UPDATE_DATE,LAST_UPDATED_LOGIN) values (3,1,'WESCO - Account - Based on Account',null,1,'Oracle EBS','Oracle ERP Cloud',null,null,'Y',null,null,null,null,null,null,null,'segment3',null,null,null,null,null,null,null,null,null,null,null,null,null,null,to_date('06-SEP-21','DD-MON-RR'),null);
Insert into FININT.WSC_GL_COA_MAPPING_RULES_T (RULE_ID,COA_MAP_ID,RULE_NAME,DESCRIPTION,RULE_PRIORITY,SOURCE_SYSTEM,TARGET_SYSTEM,SOURCE_SEGMENT1,SOURCE_SEGMENT2,SOURCE_SEGMENT3,SOURCE_SEGMENT4,SOURCE_SEGMENT5,SOURCE_SEGMENT6,SOURCE_SEGMENT7,SOURCE_SEGMENT8,SOURCE_SEGMENT9,SOURCE_SEGMENT10,TARGET_SEGMENT,DEFAULT_VALUE,ATTRIBUTE1,ATTRIBUTE2,ATTRIBUTE3,ATTRIBUTE4,ATTRIBUTE5,ATTRIBUTE6,ATTRIBUTE7,ATTRIBUTE8,ATTRIBUTE9,ATTRIBUTE10,CREATED_BY,CREATION_DATE,LAST_UPDATED_BY,LAST_UPDATE_DATE,LAST_UPDATED_LOGIN) values (5,1,'WESCO - Department - Based on Branch & Account',null,1,'Oracle EBS','Oracle ERP Cloud',null,'Y','Y',null,null,null,null,null,null,null,'segment4',null,null,null,null,null,null,null,null,null,null,null,null,null,null,to_date('06-SEP-21','DD-MON-RR'),null);
Insert into FININT.WSC_GL_COA_MAPPING_RULES_T (RULE_ID,COA_MAP_ID,RULE_NAME,DESCRIPTION,RULE_PRIORITY,SOURCE_SYSTEM,TARGET_SYSTEM,SOURCE_SEGMENT1,SOURCE_SEGMENT2,SOURCE_SEGMENT3,SOURCE_SEGMENT4,SOURCE_SEGMENT5,SOURCE_SEGMENT6,SOURCE_SEGMENT7,SOURCE_SEGMENT8,SOURCE_SEGMENT9,SOURCE_SEGMENT10,TARGET_SEGMENT,DEFAULT_VALUE,ATTRIBUTE1,ATTRIBUTE2,ATTRIBUTE3,ATTRIBUTE4,ATTRIBUTE5,ATTRIBUTE6,ATTRIBUTE7,ATTRIBUTE8,ATTRIBUTE9,ATTRIBUTE10,CREATED_BY,CREATION_DATE,LAST_UPDATED_BY,LAST_UPDATE_DATE,LAST_UPDATED_LOGIN) values (7,1,'WESCO - Department - Based on Account',null,2,'Oracle EBS','Oracle ERP Cloud',null,null,'Y',null,null,null,null,null,null,null,'segment4',null,null,null,null,null,null,null,null,null,null,null,null,null,null,to_date('06-SEP-21','DD-MON-RR'),null);
Insert into FININT.WSC_GL_COA_MAPPING_RULES_T (RULE_ID,COA_MAP_ID,RULE_NAME,DESCRIPTION,RULE_PRIORITY,SOURCE_SYSTEM,TARGET_SYSTEM,SOURCE_SEGMENT1,SOURCE_SEGMENT2,SOURCE_SEGMENT3,SOURCE_SEGMENT4,SOURCE_SEGMENT5,SOURCE_SEGMENT6,SOURCE_SEGMENT7,SOURCE_SEGMENT8,SOURCE_SEGMENT9,SOURCE_SEGMENT10,TARGET_SEGMENT,DEFAULT_VALUE,ATTRIBUTE1,ATTRIBUTE2,ATTRIBUTE3,ATTRIBUTE4,ATTRIBUTE5,ATTRIBUTE6,ATTRIBUTE7,ATTRIBUTE8,ATTRIBUTE9,ATTRIBUTE10,CREATED_BY,CREATION_DATE,LAST_UPDATED_BY,LAST_UPDATE_DATE,LAST_UPDATED_LOGIN) values (6,1,'WESCO - Department - Based on Branch',null,3,'Oracle EBS','Oracle ERP Cloud',null,'Y',null,null,null,null,null,null,null,null,'segment4',null,null,null,null,null,null,null,null,null,null,null,null,null,null,to_date('06-SEP-21','DD-MON-RR'),null);
Insert into FININT.WSC_GL_COA_MAPPING_RULES_T (RULE_ID,COA_MAP_ID,RULE_NAME,DESCRIPTION,RULE_PRIORITY,SOURCE_SYSTEM,TARGET_SYSTEM,SOURCE_SEGMENT1,SOURCE_SEGMENT2,SOURCE_SEGMENT3,SOURCE_SEGMENT4,SOURCE_SEGMENT5,SOURCE_SEGMENT6,SOURCE_SEGMENT7,SOURCE_SEGMENT8,SOURCE_SEGMENT9,SOURCE_SEGMENT10,TARGET_SEGMENT,DEFAULT_VALUE,ATTRIBUTE1,ATTRIBUTE2,ATTRIBUTE3,ATTRIBUTE4,ATTRIBUTE5,ATTRIBUTE6,ATTRIBUTE7,ATTRIBUTE8,ATTRIBUTE9,ATTRIBUTE10,CREATED_BY,CREATION_DATE,LAST_UPDATED_BY,LAST_UPDATE_DATE,LAST_UPDATED_LOGIN) values (8,1,'WESCO - Department - Default',null,4,'Oracle EBS','Oracle ERP Cloud',null,null,null,null,null,null,null,null,null,null,'segment4','9999',null,null,null,null,null,null,null,null,null,null,null,null,null,to_date('06-SEP-21','DD-MON-RR'),null);
Insert into FININT.WSC_GL_COA_MAPPING_RULES_T (RULE_ID,COA_MAP_ID,RULE_NAME,DESCRIPTION,RULE_PRIORITY,SOURCE_SYSTEM,TARGET_SYSTEM,SOURCE_SEGMENT1,SOURCE_SEGMENT2,SOURCE_SEGMENT3,SOURCE_SEGMENT4,SOURCE_SEGMENT5,SOURCE_SEGMENT6,SOURCE_SEGMENT7,SOURCE_SEGMENT8,SOURCE_SEGMENT9,SOURCE_SEGMENT10,TARGET_SEGMENT,DEFAULT_VALUE,ATTRIBUTE1,ATTRIBUTE2,ATTRIBUTE3,ATTRIBUTE4,ATTRIBUTE5,ATTRIBUTE6,ATTRIBUTE7,ATTRIBUTE8,ATTRIBUTE9,ATTRIBUTE10,CREATED_BY,CREATION_DATE,LAST_UPDATED_BY,LAST_UPDATE_DATE,LAST_UPDATED_LOGIN) values (9,1,'WESCO - Site - Based on Branch',null,1,'Oracle EBS','Oracle ERP Cloud',null,'Y',null,null,null,null,null,null,null,null,'segment5',null,null,null,null,null,null,null,null,null,null,null,null,null,null,to_date('06-SEP-21','DD-MON-RR'),null);
Insert into FININT.WSC_GL_COA_MAPPING_RULES_T (RULE_ID,COA_MAP_ID,RULE_NAME,DESCRIPTION,RULE_PRIORITY,SOURCE_SYSTEM,TARGET_SYSTEM,SOURCE_SEGMENT1,SOURCE_SEGMENT2,SOURCE_SEGMENT3,SOURCE_SEGMENT4,SOURCE_SEGMENT5,SOURCE_SEGMENT6,SOURCE_SEGMENT7,SOURCE_SEGMENT8,SOURCE_SEGMENT9,SOURCE_SEGMENT10,TARGET_SEGMENT,DEFAULT_VALUE,ATTRIBUTE1,ATTRIBUTE2,ATTRIBUTE3,ATTRIBUTE4,ATTRIBUTE5,ATTRIBUTE6,ATTRIBUTE7,ATTRIBUTE8,ATTRIBUTE9,ATTRIBUTE10,CREATED_BY,CREATION_DATE,LAST_UPDATED_BY,LAST_UPDATE_DATE,LAST_UPDATED_LOGIN) values (26,1,'Site - Default',null,2,'Oracle EBS','Oracle ERP Cloud',null,null,null,null,null,null,null,null,null,null,'segment5','99999',null,null,null,null,null,null,null,null,null,null,null,null,null,to_date('06-SEP-21','DD-MON-RR'),null);
Insert into FININT.WSC_GL_COA_MAPPING_RULES_T (RULE_ID,COA_MAP_ID,RULE_NAME,DESCRIPTION,RULE_PRIORITY,SOURCE_SYSTEM,TARGET_SYSTEM,SOURCE_SEGMENT1,SOURCE_SEGMENT2,SOURCE_SEGMENT3,SOURCE_SEGMENT4,SOURCE_SEGMENT5,SOURCE_SEGMENT6,SOURCE_SEGMENT7,SOURCE_SEGMENT8,SOURCE_SEGMENT9,SOURCE_SEGMENT10,TARGET_SEGMENT,DEFAULT_VALUE,ATTRIBUTE1,ATTRIBUTE2,ATTRIBUTE3,ATTRIBUTE4,ATTRIBUTE5,ATTRIBUTE6,ATTRIBUTE7,ATTRIBUTE8,ATTRIBUTE9,ATTRIBUTE10,CREATED_BY,CREATION_DATE,LAST_UPDATED_BY,LAST_UPDATE_DATE,LAST_UPDATED_LOGIN) values (10,1,'WESCO - IC LE - Based on IC',null,1,'Oracle EBS','Oracle ERP Cloud',null,null,null,'Y',null,null,null,null,null,null,'segment6',null,null,null,null,null,null,null,null,null,null,null,null,null,null,to_date('06-SEP-21','DD-MON-RR'),null);
Insert into FININT.WSC_GL_COA_MAPPING_RULES_T (RULE_ID,COA_MAP_ID,RULE_NAME,DESCRIPTION,RULE_PRIORITY,SOURCE_SYSTEM,TARGET_SYSTEM,SOURCE_SEGMENT1,SOURCE_SEGMENT2,SOURCE_SEGMENT3,SOURCE_SEGMENT4,SOURCE_SEGMENT5,SOURCE_SEGMENT6,SOURCE_SEGMENT7,SOURCE_SEGMENT8,SOURCE_SEGMENT9,SOURCE_SEGMENT10,TARGET_SEGMENT,DEFAULT_VALUE,ATTRIBUTE1,ATTRIBUTE2,ATTRIBUTE3,ATTRIBUTE4,ATTRIBUTE5,ATTRIBUTE6,ATTRIBUTE7,ATTRIBUTE8,ATTRIBUTE9,ATTRIBUTE10,CREATED_BY,CREATION_DATE,LAST_UPDATED_BY,LAST_UPDATE_DATE,LAST_UPDATED_LOGIN) values (11,1,'WESCO - Project - Based on Branch',null,1,'Oracle EBS','Oracle ERP Cloud',null,'Y',null,null,null,null,null,null,null,null,'segment7',null,null,null,null,null,null,null,null,null,null,null,null,null,null,to_date('06-SEP-21','DD-MON-RR'),null);
Insert into FININT.WSC_GL_COA_MAPPING_RULES_T (RULE_ID,COA_MAP_ID,RULE_NAME,DESCRIPTION,RULE_PRIORITY,SOURCE_SYSTEM,TARGET_SYSTEM,SOURCE_SEGMENT1,SOURCE_SEGMENT2,SOURCE_SEGMENT3,SOURCE_SEGMENT4,SOURCE_SEGMENT5,SOURCE_SEGMENT6,SOURCE_SEGMENT7,SOURCE_SEGMENT8,SOURCE_SEGMENT9,SOURCE_SEGMENT10,TARGET_SEGMENT,DEFAULT_VALUE,ATTRIBUTE1,ATTRIBUTE2,ATTRIBUTE3,ATTRIBUTE4,ATTRIBUTE5,ATTRIBUTE6,ATTRIBUTE7,ATTRIBUTE8,ATTRIBUTE9,ATTRIBUTE10,CREATED_BY,CREATION_DATE,LAST_UPDATED_BY,LAST_UPDATE_DATE,LAST_UPDATED_LOGIN) values (12,1,'WESCO - Project - Default',null,2,'Oracle EBS','Oracle ERP Cloud',null,null,null,null,null,null,null,null,null,null,'segment7','0000',null,null,null,null,null,null,null,null,null,null,null,null,null,to_date('06-SEP-21','DD-MON-RR'),null);
Insert into FININT.WSC_GL_COA_MAPPING_RULES_T (RULE_ID,COA_MAP_ID,RULE_NAME,DESCRIPTION,RULE_PRIORITY,SOURCE_SYSTEM,TARGET_SYSTEM,SOURCE_SEGMENT1,SOURCE_SEGMENT2,SOURCE_SEGMENT3,SOURCE_SEGMENT4,SOURCE_SEGMENT5,SOURCE_SEGMENT6,SOURCE_SEGMENT7,SOURCE_SEGMENT8,SOURCE_SEGMENT9,SOURCE_SEGMENT10,TARGET_SEGMENT,DEFAULT_VALUE,ATTRIBUTE1,ATTRIBUTE2,ATTRIBUTE3,ATTRIBUTE4,ATTRIBUTE5,ATTRIBUTE6,ATTRIBUTE7,ATTRIBUTE8,ATTRIBUTE9,ATTRIBUTE10,CREATED_BY,CREATION_DATE,LAST_UPDATED_BY,LAST_UPDATE_DATE,LAST_UPDATED_LOGIN) values (13,1,'Future Segment',null,1,'Oracle EBS','Oracle ERP Cloud',null,null,null,null,null,null,null,null,null,null,'segment8','0000',null,null,null,null,null,null,null,null,null,null,null,null,null,to_date('06-SEP-21','DD-MON-RR'),null);
Insert into FININT.WSC_GL_COA_MAPPING_RULES_T (RULE_ID,COA_MAP_ID,RULE_NAME,DESCRIPTION,RULE_PRIORITY,SOURCE_SYSTEM,TARGET_SYSTEM,SOURCE_SEGMENT1,SOURCE_SEGMENT2,SOURCE_SEGMENT3,SOURCE_SEGMENT4,SOURCE_SEGMENT5,SOURCE_SEGMENT6,SOURCE_SEGMENT7,SOURCE_SEGMENT8,SOURCE_SEGMENT9,SOURCE_SEGMENT10,TARGET_SEGMENT,DEFAULT_VALUE,ATTRIBUTE1,ATTRIBUTE2,ATTRIBUTE3,ATTRIBUTE4,ATTRIBUTE5,ATTRIBUTE6,ATTRIBUTE7,ATTRIBUTE8,ATTRIBUTE9,ATTRIBUTE10,CREATED_BY,CREATION_DATE,LAST_UPDATED_BY,LAST_UPDATE_DATE,LAST_UPDATED_LOGIN) values (13,1,'Future Segment',null,1,'Oracle EBS','Oracle ERP Cloud',null,null,null,null,null,null,null,null,null,null,'segment9','0000',null,null,null,null,null,null,null,null,null,null,null,null,null,to_date('06-SEP-21','DD-MON-RR'),null);
Insert into FININT.WSC_GL_COA_MAPPING_RULES_T (RULE_ID,COA_MAP_ID,RULE_NAME,DESCRIPTION,RULE_PRIORITY,SOURCE_SYSTEM,TARGET_SYSTEM,SOURCE_SEGMENT1,SOURCE_SEGMENT2,SOURCE_SEGMENT3,SOURCE_SEGMENT4,SOURCE_SEGMENT5,SOURCE_SEGMENT6,SOURCE_SEGMENT7,SOURCE_SEGMENT8,SOURCE_SEGMENT9,SOURCE_SEGMENT10,TARGET_SEGMENT,DEFAULT_VALUE,ATTRIBUTE1,ATTRIBUTE2,ATTRIBUTE3,ATTRIBUTE4,ATTRIBUTE5,ATTRIBUTE6,ATTRIBUTE7,ATTRIBUTE8,ATTRIBUTE9,ATTRIBUTE10,CREATED_BY,CREATION_DATE,LAST_UPDATED_BY,LAST_UPDATE_DATE,LAST_UPDATED_LOGIN) values (14,2,'Anixter - LE - Based on BU and Location',null,1,'ANIXTER','Oracle ERP Cloud','Y',null,null,'Y',null,null,null,null,null,null,'segment1',null,null,null,null,null,null,null,null,null,null,null,null,null,null,to_date('06-SEP-21','DD-MON-RR'),null);
Insert into FININT.WSC_GL_COA_MAPPING_RULES_T (RULE_ID,COA_MAP_ID,RULE_NAME,DESCRIPTION,RULE_PRIORITY,SOURCE_SYSTEM,TARGET_SYSTEM,SOURCE_SEGMENT1,SOURCE_SEGMENT2,SOURCE_SEGMENT3,SOURCE_SEGMENT4,SOURCE_SEGMENT5,SOURCE_SEGMENT6,SOURCE_SEGMENT7,SOURCE_SEGMENT8,SOURCE_SEGMENT9,SOURCE_SEGMENT10,TARGET_SEGMENT,DEFAULT_VALUE,ATTRIBUTE1,ATTRIBUTE2,ATTRIBUTE3,ATTRIBUTE4,ATTRIBUTE5,ATTRIBUTE6,ATTRIBUTE7,ATTRIBUTE8,ATTRIBUTE9,ATTRIBUTE10,CREATED_BY,CREATION_DATE,LAST_UPDATED_BY,LAST_UPDATE_DATE,LAST_UPDATED_LOGIN) values (15,2,'Anixter - LE - Based on BU',null,2,'ANIXTER','Oracle ERP Cloud','Y',null,null,null,null,null,null,null,null,null,'segment1',null,null,null,null,null,null,null,null,null,null,null,null,null,null,to_date('06-SEP-21','DD-MON-RR'),null);
Insert into FININT.WSC_GL_COA_MAPPING_RULES_T (RULE_ID,COA_MAP_ID,RULE_NAME,DESCRIPTION,RULE_PRIORITY,SOURCE_SYSTEM,TARGET_SYSTEM,SOURCE_SEGMENT1,SOURCE_SEGMENT2,SOURCE_SEGMENT3,SOURCE_SEGMENT4,SOURCE_SEGMENT5,SOURCE_SEGMENT6,SOURCE_SEGMENT7,SOURCE_SEGMENT8,SOURCE_SEGMENT9,SOURCE_SEGMENT10,TARGET_SEGMENT,DEFAULT_VALUE,ATTRIBUTE1,ATTRIBUTE2,ATTRIBUTE3,ATTRIBUTE4,ATTRIBUTE5,ATTRIBUTE6,ATTRIBUTE7,ATTRIBUTE8,ATTRIBUTE9,ATTRIBUTE10,CREATED_BY,CREATION_DATE,LAST_UPDATED_BY,LAST_UPDATE_DATE,LAST_UPDATED_LOGIN) values (17,2,'Anixter - OpGroup - Based on Location',null,1,'ANIXTER','Oracle ERP Cloud',null,null,null,'Y',null,null,null,null,null,null,'segment2',null,null,null,null,null,null,null,null,null,null,null,null,null,null,to_date('06-SEP-21','DD-MON-RR'),null);
Insert into FININT.WSC_GL_COA_MAPPING_RULES_T (RULE_ID,COA_MAP_ID,RULE_NAME,DESCRIPTION,RULE_PRIORITY,SOURCE_SYSTEM,TARGET_SYSTEM,SOURCE_SEGMENT1,SOURCE_SEGMENT2,SOURCE_SEGMENT3,SOURCE_SEGMENT4,SOURCE_SEGMENT5,SOURCE_SEGMENT6,SOURCE_SEGMENT7,SOURCE_SEGMENT8,SOURCE_SEGMENT9,SOURCE_SEGMENT10,TARGET_SEGMENT,DEFAULT_VALUE,ATTRIBUTE1,ATTRIBUTE2,ATTRIBUTE3,ATTRIBUTE4,ATTRIBUTE5,ATTRIBUTE6,ATTRIBUTE7,ATTRIBUTE8,ATTRIBUTE9,ATTRIBUTE10,CREATED_BY,CREATION_DATE,LAST_UPDATED_BY,LAST_UPDATE_DATE,LAST_UPDATED_LOGIN) values (16,2,'Anixter - Account - Based on Account',null,1,'ANIXTER','Oracle ERP Cloud',null,'Y',null,null,null,null,null,null,null,null,'segment3',null,null,null,null,null,null,null,null,null,null,null,null,null,null,to_date('06-SEP-21','DD-MON-RR'),null);
Insert into FININT.WSC_GL_COA_MAPPING_RULES_T (RULE_ID,COA_MAP_ID,RULE_NAME,DESCRIPTION,RULE_PRIORITY,SOURCE_SYSTEM,TARGET_SYSTEM,SOURCE_SEGMENT1,SOURCE_SEGMENT2,SOURCE_SEGMENT3,SOURCE_SEGMENT4,SOURCE_SEGMENT5,SOURCE_SEGMENT6,SOURCE_SEGMENT7,SOURCE_SEGMENT8,SOURCE_SEGMENT9,SOURCE_SEGMENT10,TARGET_SEGMENT,DEFAULT_VALUE,ATTRIBUTE1,ATTRIBUTE2,ATTRIBUTE3,ATTRIBUTE4,ATTRIBUTE5,ATTRIBUTE6,ATTRIBUTE7,ATTRIBUTE8,ATTRIBUTE9,ATTRIBUTE10,CREATED_BY,CREATION_DATE,LAST_UPDATED_BY,LAST_UPDATE_DATE,LAST_UPDATED_LOGIN) values (18,2,'Anixter - Department - Based on Account, Dept and Location',null,1,'ANIXTER','Oracle ERP Cloud',null,'Y','Y','Y',null,null,null,null,null,null,'segment4',null,null,null,null,null,null,null,null,null,null,null,null,null,null,to_date('06-SEP-21','DD-MON-RR'),null);
Insert into FININT.WSC_GL_COA_MAPPING_RULES_T (RULE_ID,COA_MAP_ID,RULE_NAME,DESCRIPTION,RULE_PRIORITY,SOURCE_SYSTEM,TARGET_SYSTEM,SOURCE_SEGMENT1,SOURCE_SEGMENT2,SOURCE_SEGMENT3,SOURCE_SEGMENT4,SOURCE_SEGMENT5,SOURCE_SEGMENT6,SOURCE_SEGMENT7,SOURCE_SEGMENT8,SOURCE_SEGMENT9,SOURCE_SEGMENT10,TARGET_SEGMENT,DEFAULT_VALUE,ATTRIBUTE1,ATTRIBUTE2,ATTRIBUTE3,ATTRIBUTE4,ATTRIBUTE5,ATTRIBUTE6,ATTRIBUTE7,ATTRIBUTE8,ATTRIBUTE9,ATTRIBUTE10,CREATED_BY,CREATION_DATE,LAST_UPDATED_BY,LAST_UPDATE_DATE,LAST_UPDATED_LOGIN) values (19,2,'Anixter - Department - Based on Account',null,2,'ANIXTER','Oracle ERP Cloud',null,'Y',null,null,null,null,null,null,null,null,'segment4',null,null,null,null,null,null,null,null,null,null,null,null,null,null,to_date('06-SEP-21','DD-MON-RR'),null);
Insert into FININT.WSC_GL_COA_MAPPING_RULES_T (RULE_ID,COA_MAP_ID,RULE_NAME,DESCRIPTION,RULE_PRIORITY,SOURCE_SYSTEM,TARGET_SYSTEM,SOURCE_SEGMENT1,SOURCE_SEGMENT2,SOURCE_SEGMENT3,SOURCE_SEGMENT4,SOURCE_SEGMENT5,SOURCE_SEGMENT6,SOURCE_SEGMENT7,SOURCE_SEGMENT8,SOURCE_SEGMENT9,SOURCE_SEGMENT10,TARGET_SEGMENT,DEFAULT_VALUE,ATTRIBUTE1,ATTRIBUTE2,ATTRIBUTE3,ATTRIBUTE4,ATTRIBUTE5,ATTRIBUTE6,ATTRIBUTE7,ATTRIBUTE8,ATTRIBUTE9,ATTRIBUTE10,CREATED_BY,CREATION_DATE,LAST_UPDATED_BY,LAST_UPDATE_DATE,LAST_UPDATED_LOGIN) values (20,2,'Anixter - Department - Based on Department & Location',null,3,'ANIXTER','Oracle ERP Cloud',null,null,'Y','Y',null,null,null,null,null,null,'segment4',null,null,null,null,null,null,null,null,null,null,null,null,null,null,to_date('06-SEP-21','DD-MON-RR'),null);
Insert into FININT.WSC_GL_COA_MAPPING_RULES_T (RULE_ID,COA_MAP_ID,RULE_NAME,DESCRIPTION,RULE_PRIORITY,SOURCE_SYSTEM,TARGET_SYSTEM,SOURCE_SEGMENT1,SOURCE_SEGMENT2,SOURCE_SEGMENT3,SOURCE_SEGMENT4,SOURCE_SEGMENT5,SOURCE_SEGMENT6,SOURCE_SEGMENT7,SOURCE_SEGMENT8,SOURCE_SEGMENT9,SOURCE_SEGMENT10,TARGET_SEGMENT,DEFAULT_VALUE,ATTRIBUTE1,ATTRIBUTE2,ATTRIBUTE3,ATTRIBUTE4,ATTRIBUTE5,ATTRIBUTE6,ATTRIBUTE7,ATTRIBUTE8,ATTRIBUTE9,ATTRIBUTE10,CREATED_BY,CREATION_DATE,LAST_UPDATED_BY,LAST_UPDATE_DATE,LAST_UPDATED_LOGIN) values (27,2,'Anixter - Department - Based on Location',null,4,'ANIXTER','Oracle ERP Cloud',null,null,null,'Y',null,null,null,null,null,null,'segment4',null,null,null,null,null,null,null,null,null,null,null,null,null,null,to_date('06-SEP-21','DD-MON-RR'),null);
Insert into FININT.WSC_GL_COA_MAPPING_RULES_T (RULE_ID,COA_MAP_ID,RULE_NAME,DESCRIPTION,RULE_PRIORITY,SOURCE_SYSTEM,TARGET_SYSTEM,SOURCE_SEGMENT1,SOURCE_SEGMENT2,SOURCE_SEGMENT3,SOURCE_SEGMENT4,SOURCE_SEGMENT5,SOURCE_SEGMENT6,SOURCE_SEGMENT7,SOURCE_SEGMENT8,SOURCE_SEGMENT9,SOURCE_SEGMENT10,TARGET_SEGMENT,DEFAULT_VALUE,ATTRIBUTE1,ATTRIBUTE2,ATTRIBUTE3,ATTRIBUTE4,ATTRIBUTE5,ATTRIBUTE6,ATTRIBUTE7,ATTRIBUTE8,ATTRIBUTE9,ATTRIBUTE10,CREATED_BY,CREATION_DATE,LAST_UPDATED_BY,LAST_UPDATE_DATE,LAST_UPDATED_LOGIN) values (21,2,'Anixter - Department - Default',null,5,'ANIXTER','Oracle ERP Cloud',null,null,null,null,null,null,null,null,null,null,'segment4','9999',null,null,null,null,null,null,null,null,null,null,null,null,null,to_date('06-SEP-21','DD-MON-RR'),null);
Insert into FININT.WSC_GL_COA_MAPPING_RULES_T (RULE_ID,COA_MAP_ID,RULE_NAME,DESCRIPTION,RULE_PRIORITY,SOURCE_SYSTEM,TARGET_SYSTEM,SOURCE_SEGMENT1,SOURCE_SEGMENT2,SOURCE_SEGMENT3,SOURCE_SEGMENT4,SOURCE_SEGMENT5,SOURCE_SEGMENT6,SOURCE_SEGMENT7,SOURCE_SEGMENT8,SOURCE_SEGMENT9,SOURCE_SEGMENT10,TARGET_SEGMENT,DEFAULT_VALUE,ATTRIBUTE1,ATTRIBUTE2,ATTRIBUTE3,ATTRIBUTE4,ATTRIBUTE5,ATTRIBUTE6,ATTRIBUTE7,ATTRIBUTE8,ATTRIBUTE9,ATTRIBUTE10,CREATED_BY,CREATION_DATE,LAST_UPDATED_BY,LAST_UPDATE_DATE,LAST_UPDATED_LOGIN) values (22,2,'Anixter - Site - Based on Location',null,1,'ANIXTER','Oracle ERP Cloud',null,null,null,'Y',null,null,null,null,null,null,'segment5',null,null,null,null,null,null,null,null,null,null,null,null,null,null,to_date('06-SEP-21','DD-MON-RR'),null);
Insert into FININT.WSC_GL_COA_MAPPING_RULES_T (RULE_ID,COA_MAP_ID,RULE_NAME,DESCRIPTION,RULE_PRIORITY,SOURCE_SYSTEM,TARGET_SYSTEM,SOURCE_SEGMENT1,SOURCE_SEGMENT2,SOURCE_SEGMENT3,SOURCE_SEGMENT4,SOURCE_SEGMENT5,SOURCE_SEGMENT6,SOURCE_SEGMENT7,SOURCE_SEGMENT8,SOURCE_SEGMENT9,SOURCE_SEGMENT10,TARGET_SEGMENT,DEFAULT_VALUE,ATTRIBUTE1,ATTRIBUTE2,ATTRIBUTE3,ATTRIBUTE4,ATTRIBUTE5,ATTRIBUTE6,ATTRIBUTE7,ATTRIBUTE8,ATTRIBUTE9,ATTRIBUTE10,CREATED_BY,CREATION_DATE,LAST_UPDATED_BY,LAST_UPDATE_DATE,LAST_UPDATED_LOGIN) values (26,2,'Site - Default',null,2,'ANIXTER','Oracle ERP Cloud',null,null,null,null,null,null,null,null,null,null,'segment5','99999',null,null,null,null,null,null,null,null,null,null,null,null,null,to_date('06-SEP-21','DD-MON-RR'),null);
Insert into FININT.WSC_GL_COA_MAPPING_RULES_T (RULE_ID,COA_MAP_ID,RULE_NAME,DESCRIPTION,RULE_PRIORITY,SOURCE_SYSTEM,TARGET_SYSTEM,SOURCE_SEGMENT1,SOURCE_SEGMENT2,SOURCE_SEGMENT3,SOURCE_SEGMENT4,SOURCE_SEGMENT5,SOURCE_SEGMENT6,SOURCE_SEGMENT7,SOURCE_SEGMENT8,SOURCE_SEGMENT9,SOURCE_SEGMENT10,TARGET_SEGMENT,DEFAULT_VALUE,ATTRIBUTE1,ATTRIBUTE2,ATTRIBUTE3,ATTRIBUTE4,ATTRIBUTE5,ATTRIBUTE6,ATTRIBUTE7,ATTRIBUTE8,ATTRIBUTE9,ATTRIBUTE10,CREATED_BY,CREATION_DATE,LAST_UPDATED_BY,LAST_UPDATE_DATE,LAST_UPDATED_LOGIN) values (23,2,'Anixter - IC LE - Based on Affiliate',null,1,'ANIXTER','Oracle ERP Cloud',null,null,null,null,null,'Y',null,null,null,null,'segment6',null,null,null,null,null,null,null,null,null,null,null,null,null,null,to_date('06-SEP-21','DD-MON-RR'),null);
Insert into FININT.WSC_GL_COA_MAPPING_RULES_T (RULE_ID,COA_MAP_ID,RULE_NAME,DESCRIPTION,RULE_PRIORITY,SOURCE_SYSTEM,TARGET_SYSTEM,SOURCE_SEGMENT1,SOURCE_SEGMENT2,SOURCE_SEGMENT3,SOURCE_SEGMENT4,SOURCE_SEGMENT5,SOURCE_SEGMENT6,SOURCE_SEGMENT7,SOURCE_SEGMENT8,SOURCE_SEGMENT9,SOURCE_SEGMENT10,TARGET_SEGMENT,DEFAULT_VALUE,ATTRIBUTE1,ATTRIBUTE2,ATTRIBUTE3,ATTRIBUTE4,ATTRIBUTE5,ATTRIBUTE6,ATTRIBUTE7,ATTRIBUTE8,ATTRIBUTE9,ATTRIBUTE10,CREATED_BY,CREATION_DATE,LAST_UPDATED_BY,LAST_UPDATE_DATE,LAST_UPDATED_LOGIN) values (24,2,'Anixter - Project - Based on Location',null,1,'ANIXTER','Oracle ERP Cloud',null,null,null,'Y',null,null,null,null,null,null,'segment7',null,null,null,null,null,null,null,null,null,null,null,null,null,null,to_date('06-SEP-21','DD-MON-RR'),null);
Insert into FININT.WSC_GL_COA_MAPPING_RULES_T (RULE_ID,COA_MAP_ID,RULE_NAME,DESCRIPTION,RULE_PRIORITY,SOURCE_SYSTEM,TARGET_SYSTEM,SOURCE_SEGMENT1,SOURCE_SEGMENT2,SOURCE_SEGMENT3,SOURCE_SEGMENT4,SOURCE_SEGMENT5,SOURCE_SEGMENT6,SOURCE_SEGMENT7,SOURCE_SEGMENT8,SOURCE_SEGMENT9,SOURCE_SEGMENT10,TARGET_SEGMENT,DEFAULT_VALUE,ATTRIBUTE1,ATTRIBUTE2,ATTRIBUTE3,ATTRIBUTE4,ATTRIBUTE5,ATTRIBUTE6,ATTRIBUTE7,ATTRIBUTE8,ATTRIBUTE9,ATTRIBUTE10,CREATED_BY,CREATION_DATE,LAST_UPDATED_BY,LAST_UPDATE_DATE,LAST_UPDATED_LOGIN) values (12,2,'WESCO - Project - Default',null,2,'ANIXTER','Oracle ERP Cloud',null,null,null,null,null,null,null,null,null,null,'segment7','0000',null,null,null,null,null,null,null,null,null,null,null,null,null,to_date('06-SEP-21','DD-MON-RR'),null);
Insert into FININT.WSC_GL_COA_MAPPING_RULES_T (RULE_ID,COA_MAP_ID,RULE_NAME,DESCRIPTION,RULE_PRIORITY,SOURCE_SYSTEM,TARGET_SYSTEM,SOURCE_SEGMENT1,SOURCE_SEGMENT2,SOURCE_SEGMENT3,SOURCE_SEGMENT4,SOURCE_SEGMENT5,SOURCE_SEGMENT6,SOURCE_SEGMENT7,SOURCE_SEGMENT8,SOURCE_SEGMENT9,SOURCE_SEGMENT10,TARGET_SEGMENT,DEFAULT_VALUE,ATTRIBUTE1,ATTRIBUTE2,ATTRIBUTE3,ATTRIBUTE4,ATTRIBUTE5,ATTRIBUTE6,ATTRIBUTE7,ATTRIBUTE8,ATTRIBUTE9,ATTRIBUTE10,CREATED_BY,CREATION_DATE,LAST_UPDATED_BY,LAST_UPDATE_DATE,LAST_UPDATED_LOGIN) values (13,2,'Future Segment',null,1,'ANIXTER','Oracle ERP Cloud',null,null,null,null,null,null,null,null,null,null,'segment8','0000',null,null,null,null,null,null,null,null,null,null,null,null,null,to_date('06-SEP-21','DD-MON-RR'),null);
Insert into FININT.WSC_GL_COA_MAPPING_RULES_T (RULE_ID,COA_MAP_ID,RULE_NAME,DESCRIPTION,RULE_PRIORITY,SOURCE_SYSTEM,TARGET_SYSTEM,SOURCE_SEGMENT1,SOURCE_SEGMENT2,SOURCE_SEGMENT3,SOURCE_SEGMENT4,SOURCE_SEGMENT5,SOURCE_SEGMENT6,SOURCE_SEGMENT7,SOURCE_SEGMENT8,SOURCE_SEGMENT9,SOURCE_SEGMENT10,TARGET_SEGMENT,DEFAULT_VALUE,ATTRIBUTE1,ATTRIBUTE2,ATTRIBUTE3,ATTRIBUTE4,ATTRIBUTE5,ATTRIBUTE6,ATTRIBUTE7,ATTRIBUTE8,ATTRIBUTE9,ATTRIBUTE10,CREATED_BY,CREATION_DATE,LAST_UPDATED_BY,LAST_UPDATE_DATE,LAST_UPDATED_LOGIN) values (13,2,'Future Segment',null,1,'ANIXTER','Oracle ERP Cloud',null,null,null,null,null,null,null,null,null,null,'segment9','0000',null,null,null,null,null,null,null,null,null,null,null,null,null,to_date('06-SEP-21','DD-MON-RR'),null);
Insert into FININT.WSC_GL_COA_MAPPING_RULES_T (RULE_ID,COA_MAP_ID,RULE_NAME,DESCRIPTION,RULE_PRIORITY,SOURCE_SYSTEM,TARGET_SYSTEM,SOURCE_SEGMENT1,SOURCE_SEGMENT2,SOURCE_SEGMENT3,SOURCE_SEGMENT4,SOURCE_SEGMENT5,SOURCE_SEGMENT6,SOURCE_SEGMENT7,SOURCE_SEGMENT8,SOURCE_SEGMENT9,SOURCE_SEGMENT10,TARGET_SEGMENT,DEFAULT_VALUE,ATTRIBUTE1,ATTRIBUTE2,ATTRIBUTE3,ATTRIBUTE4,ATTRIBUTE5,ATTRIBUTE6,ATTRIBUTE7,ATTRIBUTE8,ATTRIBUTE9,ATTRIBUTE10,CREATED_BY,CREATION_DATE,LAST_UPDATED_BY,LAST_UPDATE_DATE,LAST_UPDATED_LOGIN) values (1,4,'WESCO - LE - Based on LE and Ledger',null,1,'Oracle POC','Oracle ERP Cloud','Y',null,null,null,null,null,null,'Y',null,null,'segment1',null,null,null,null,null,null,null,null,null,null,null,null,null,null,to_date('06-SEP-21','DD-MON-RR'),null);
Insert into FININT.WSC_GL_COA_MAPPING_RULES_T (RULE_ID,COA_MAP_ID,RULE_NAME,DESCRIPTION,RULE_PRIORITY,SOURCE_SYSTEM,TARGET_SYSTEM,SOURCE_SEGMENT1,SOURCE_SEGMENT2,SOURCE_SEGMENT3,SOURCE_SEGMENT4,SOURCE_SEGMENT5,SOURCE_SEGMENT6,SOURCE_SEGMENT7,SOURCE_SEGMENT8,SOURCE_SEGMENT9,SOURCE_SEGMENT10,TARGET_SEGMENT,DEFAULT_VALUE,ATTRIBUTE1,ATTRIBUTE2,ATTRIBUTE3,ATTRIBUTE4,ATTRIBUTE5,ATTRIBUTE6,ATTRIBUTE7,ATTRIBUTE8,ATTRIBUTE9,ATTRIBUTE10,CREATED_BY,CREATION_DATE,LAST_UPDATED_BY,LAST_UPDATE_DATE,LAST_UPDATED_LOGIN) values (2,4,'WESCO - LE - Based on LE',null,2,'Oracle POC','Oracle ERP Cloud','Y',null,null,null,null,null,null,null,null,null,'segment1',null,null,null,null,null,null,null,null,null,null,null,null,null,null,to_date('06-SEP-21','DD-MON-RR'),null);
Insert into FININT.WSC_GL_COA_MAPPING_RULES_T (RULE_ID,COA_MAP_ID,RULE_NAME,DESCRIPTION,RULE_PRIORITY,SOURCE_SYSTEM,TARGET_SYSTEM,SOURCE_SEGMENT1,SOURCE_SEGMENT2,SOURCE_SEGMENT3,SOURCE_SEGMENT4,SOURCE_SEGMENT5,SOURCE_SEGMENT6,SOURCE_SEGMENT7,SOURCE_SEGMENT8,SOURCE_SEGMENT9,SOURCE_SEGMENT10,TARGET_SEGMENT,DEFAULT_VALUE,ATTRIBUTE1,ATTRIBUTE2,ATTRIBUTE3,ATTRIBUTE4,ATTRIBUTE5,ATTRIBUTE6,ATTRIBUTE7,ATTRIBUTE8,ATTRIBUTE9,ATTRIBUTE10,CREATED_BY,CREATION_DATE,LAST_UPDATED_BY,LAST_UPDATE_DATE,LAST_UPDATED_LOGIN) values (28,4,'WESCO - OpGroup - Based on Account',null,1,'Oracle POC','Oracle ERP Cloud',null,null,'Y',null,null,null,null,null,null,null,'segment2',null,null,null,null,null,null,null,null,null,null,null,null,null,null,to_date('06-SEP-21','DD-MON-RR'),null);
Insert into FININT.WSC_GL_COA_MAPPING_RULES_T (RULE_ID,COA_MAP_ID,RULE_NAME,DESCRIPTION,RULE_PRIORITY,SOURCE_SYSTEM,TARGET_SYSTEM,SOURCE_SEGMENT1,SOURCE_SEGMENT2,SOURCE_SEGMENT3,SOURCE_SEGMENT4,SOURCE_SEGMENT5,SOURCE_SEGMENT6,SOURCE_SEGMENT7,SOURCE_SEGMENT8,SOURCE_SEGMENT9,SOURCE_SEGMENT10,TARGET_SEGMENT,DEFAULT_VALUE,ATTRIBUTE1,ATTRIBUTE2,ATTRIBUTE3,ATTRIBUTE4,ATTRIBUTE5,ATTRIBUTE6,ATTRIBUTE7,ATTRIBUTE8,ATTRIBUTE9,ATTRIBUTE10,CREATED_BY,CREATION_DATE,LAST_UPDATED_BY,LAST_UPDATE_DATE,LAST_UPDATED_LOGIN) values (4,4,'WESCO - OpGroup - Based on Branch',null,2,'Oracle POC','Oracle ERP Cloud',null,'Y',null,null,null,null,null,null,null,null,'segment2',null,null,null,null,null,null,null,null,null,null,null,null,null,null,to_date('06-SEP-21','DD-MON-RR'),null);
Insert into FININT.WSC_GL_COA_MAPPING_RULES_T (RULE_ID,COA_MAP_ID,RULE_NAME,DESCRIPTION,RULE_PRIORITY,SOURCE_SYSTEM,TARGET_SYSTEM,SOURCE_SEGMENT1,SOURCE_SEGMENT2,SOURCE_SEGMENT3,SOURCE_SEGMENT4,SOURCE_SEGMENT5,SOURCE_SEGMENT6,SOURCE_SEGMENT7,SOURCE_SEGMENT8,SOURCE_SEGMENT9,SOURCE_SEGMENT10,TARGET_SEGMENT,DEFAULT_VALUE,ATTRIBUTE1,ATTRIBUTE2,ATTRIBUTE3,ATTRIBUTE4,ATTRIBUTE5,ATTRIBUTE6,ATTRIBUTE7,ATTRIBUTE8,ATTRIBUTE9,ATTRIBUTE10,CREATED_BY,CREATION_DATE,LAST_UPDATED_BY,LAST_UPDATE_DATE,LAST_UPDATED_LOGIN) values (25,4,'WESCO POC - Account - Based on POC Account',null,1,'Oracle POC','Oracle ERP Cloud',null,null,'Y',null,null,null,null,null,null,null,'segment3',null,null,null,null,null,null,null,null,null,null,null,null,null,null,to_date('06-SEP-21','DD-MON-RR'),null);
Insert into FININT.WSC_GL_COA_MAPPING_RULES_T (RULE_ID,COA_MAP_ID,RULE_NAME,DESCRIPTION,RULE_PRIORITY,SOURCE_SYSTEM,TARGET_SYSTEM,SOURCE_SEGMENT1,SOURCE_SEGMENT2,SOURCE_SEGMENT3,SOURCE_SEGMENT4,SOURCE_SEGMENT5,SOURCE_SEGMENT6,SOURCE_SEGMENT7,SOURCE_SEGMENT8,SOURCE_SEGMENT9,SOURCE_SEGMENT10,TARGET_SEGMENT,DEFAULT_VALUE,ATTRIBUTE1,ATTRIBUTE2,ATTRIBUTE3,ATTRIBUTE4,ATTRIBUTE5,ATTRIBUTE6,ATTRIBUTE7,ATTRIBUTE8,ATTRIBUTE9,ATTRIBUTE10,CREATED_BY,CREATION_DATE,LAST_UPDATED_BY,LAST_UPDATE_DATE,LAST_UPDATED_LOGIN) values (32,4,'WESCO POC - Department - Based on POC Account',null,1,'Oracle POC','Oracle ERP Cloud',null,null,'Y',null,null,null,null,null,null,null,'segment4',null,null,null,null,null,null,null,null,null,null,null,null,null,null,to_date('06-SEP-21','DD-MON-RR'),null);
Insert into FININT.WSC_GL_COA_MAPPING_RULES_T (RULE_ID,COA_MAP_ID,RULE_NAME,DESCRIPTION,RULE_PRIORITY,SOURCE_SYSTEM,TARGET_SYSTEM,SOURCE_SEGMENT1,SOURCE_SEGMENT2,SOURCE_SEGMENT3,SOURCE_SEGMENT4,SOURCE_SEGMENT5,SOURCE_SEGMENT6,SOURCE_SEGMENT7,SOURCE_SEGMENT8,SOURCE_SEGMENT9,SOURCE_SEGMENT10,TARGET_SEGMENT,DEFAULT_VALUE,ATTRIBUTE1,ATTRIBUTE2,ATTRIBUTE3,ATTRIBUTE4,ATTRIBUTE5,ATTRIBUTE6,ATTRIBUTE7,ATTRIBUTE8,ATTRIBUTE9,ATTRIBUTE10,CREATED_BY,CREATION_DATE,LAST_UPDATED_BY,LAST_UPDATE_DATE,LAST_UPDATED_LOGIN) values (6,4,'WESCO - Department - Based on Branch',null,2,'Oracle POC','Oracle ERP Cloud',null,'Y',null,null,null,null,null,null,null,null,'segment4',null,null,null,null,null,null,null,null,null,null,null,null,null,null,to_date('06-SEP-21','DD-MON-RR'),null);
Insert into FININT.WSC_GL_COA_MAPPING_RULES_T (RULE_ID,COA_MAP_ID,RULE_NAME,DESCRIPTION,RULE_PRIORITY,SOURCE_SYSTEM,TARGET_SYSTEM,SOURCE_SEGMENT1,SOURCE_SEGMENT2,SOURCE_SEGMENT3,SOURCE_SEGMENT4,SOURCE_SEGMENT5,SOURCE_SEGMENT6,SOURCE_SEGMENT7,SOURCE_SEGMENT8,SOURCE_SEGMENT9,SOURCE_SEGMENT10,TARGET_SEGMENT,DEFAULT_VALUE,ATTRIBUTE1,ATTRIBUTE2,ATTRIBUTE3,ATTRIBUTE4,ATTRIBUTE5,ATTRIBUTE6,ATTRIBUTE7,ATTRIBUTE8,ATTRIBUTE9,ATTRIBUTE10,CREATED_BY,CREATION_DATE,LAST_UPDATED_BY,LAST_UPDATE_DATE,LAST_UPDATED_LOGIN) values (8,4,'WESCO - Department - Default',null,3,'Oracle POC','Oracle ERP Cloud',null,null,null,null,null,null,null,null,null,null,'segment4','9999',null,null,null,null,null,null,null,null,null,null,null,null,null,to_date('06-SEP-21','DD-MON-RR'),null);
Insert into FININT.WSC_GL_COA_MAPPING_RULES_T (RULE_ID,COA_MAP_ID,RULE_NAME,DESCRIPTION,RULE_PRIORITY,SOURCE_SYSTEM,TARGET_SYSTEM,SOURCE_SEGMENT1,SOURCE_SEGMENT2,SOURCE_SEGMENT3,SOURCE_SEGMENT4,SOURCE_SEGMENT5,SOURCE_SEGMENT6,SOURCE_SEGMENT7,SOURCE_SEGMENT8,SOURCE_SEGMENT9,SOURCE_SEGMENT10,TARGET_SEGMENT,DEFAULT_VALUE,ATTRIBUTE1,ATTRIBUTE2,ATTRIBUTE3,ATTRIBUTE4,ATTRIBUTE5,ATTRIBUTE6,ATTRIBUTE7,ATTRIBUTE8,ATTRIBUTE9,ATTRIBUTE10,CREATED_BY,CREATION_DATE,LAST_UPDATED_BY,LAST_UPDATE_DATE,LAST_UPDATED_LOGIN) values (9,4,'WESCO - Site - Based on Branch',null,1,'Oracle POC','Oracle ERP Cloud',null,'Y',null,null,null,null,null,null,null,null,'segment5',null,null,null,null,null,null,null,null,null,null,null,null,null,null,to_date('06-SEP-21','DD-MON-RR'),null);
Insert into FININT.WSC_GL_COA_MAPPING_RULES_T (RULE_ID,COA_MAP_ID,RULE_NAME,DESCRIPTION,RULE_PRIORITY,SOURCE_SYSTEM,TARGET_SYSTEM,SOURCE_SEGMENT1,SOURCE_SEGMENT2,SOURCE_SEGMENT3,SOURCE_SEGMENT4,SOURCE_SEGMENT5,SOURCE_SEGMENT6,SOURCE_SEGMENT7,SOURCE_SEGMENT8,SOURCE_SEGMENT9,SOURCE_SEGMENT10,TARGET_SEGMENT,DEFAULT_VALUE,ATTRIBUTE1,ATTRIBUTE2,ATTRIBUTE3,ATTRIBUTE4,ATTRIBUTE5,ATTRIBUTE6,ATTRIBUTE7,ATTRIBUTE8,ATTRIBUTE9,ATTRIBUTE10,CREATED_BY,CREATION_DATE,LAST_UPDATED_BY,LAST_UPDATE_DATE,LAST_UPDATED_LOGIN) values (26,4,'Site - Default',null,2,'Oracle POC','Oracle ERP Cloud',null,null,null,null,null,null,null,null,null,null,'segment5','99999',null,null,null,null,null,null,null,null,null,null,null,null,null,to_date('06-SEP-21','DD-MON-RR'),null);
Insert into FININT.WSC_GL_COA_MAPPING_RULES_T (RULE_ID,COA_MAP_ID,RULE_NAME,DESCRIPTION,RULE_PRIORITY,SOURCE_SYSTEM,TARGET_SYSTEM,SOURCE_SEGMENT1,SOURCE_SEGMENT2,SOURCE_SEGMENT3,SOURCE_SEGMENT4,SOURCE_SEGMENT5,SOURCE_SEGMENT6,SOURCE_SEGMENT7,SOURCE_SEGMENT8,SOURCE_SEGMENT9,SOURCE_SEGMENT10,TARGET_SEGMENT,DEFAULT_VALUE,ATTRIBUTE1,ATTRIBUTE2,ATTRIBUTE3,ATTRIBUTE4,ATTRIBUTE5,ATTRIBUTE6,ATTRIBUTE7,ATTRIBUTE8,ATTRIBUTE9,ATTRIBUTE10,CREATED_BY,CREATION_DATE,LAST_UPDATED_BY,LAST_UPDATE_DATE,LAST_UPDATED_LOGIN) values (10,4,'WESCO - IC LE - Based on IC',null,1,'Oracle POC','Oracle ERP Cloud',null,null,null,'Y',null,null,null,null,null,null,'segment6',null,null,null,null,null,null,null,null,null,null,null,null,null,null,to_date('06-SEP-21','DD-MON-RR'),null);
Insert into FININT.WSC_GL_COA_MAPPING_RULES_T (RULE_ID,COA_MAP_ID,RULE_NAME,DESCRIPTION,RULE_PRIORITY,SOURCE_SYSTEM,TARGET_SYSTEM,SOURCE_SEGMENT1,SOURCE_SEGMENT2,SOURCE_SEGMENT3,SOURCE_SEGMENT4,SOURCE_SEGMENT5,SOURCE_SEGMENT6,SOURCE_SEGMENT7,SOURCE_SEGMENT8,SOURCE_SEGMENT9,SOURCE_SEGMENT10,TARGET_SEGMENT,DEFAULT_VALUE,ATTRIBUTE1,ATTRIBUTE2,ATTRIBUTE3,ATTRIBUTE4,ATTRIBUTE5,ATTRIBUTE6,ATTRIBUTE7,ATTRIBUTE8,ATTRIBUTE9,ATTRIBUTE10,CREATED_BY,CREATION_DATE,LAST_UPDATED_BY,LAST_UPDATE_DATE,LAST_UPDATED_LOGIN) values (11,4,'WESCO - Project - Based on Branch',null,1,'Oracle POC','Oracle ERP Cloud',null,'Y',null,null,null,null,null,null,null,null,'segment7',null,null,null,null,null,null,null,null,null,null,null,null,null,null,to_date('06-SEP-21','DD-MON-RR'),null);
Insert into FININT.WSC_GL_COA_MAPPING_RULES_T (RULE_ID,COA_MAP_ID,RULE_NAME,DESCRIPTION,RULE_PRIORITY,SOURCE_SYSTEM,TARGET_SYSTEM,SOURCE_SEGMENT1,SOURCE_SEGMENT2,SOURCE_SEGMENT3,SOURCE_SEGMENT4,SOURCE_SEGMENT5,SOURCE_SEGMENT6,SOURCE_SEGMENT7,SOURCE_SEGMENT8,SOURCE_SEGMENT9,SOURCE_SEGMENT10,TARGET_SEGMENT,DEFAULT_VALUE,ATTRIBUTE1,ATTRIBUTE2,ATTRIBUTE3,ATTRIBUTE4,ATTRIBUTE5,ATTRIBUTE6,ATTRIBUTE7,ATTRIBUTE8,ATTRIBUTE9,ATTRIBUTE10,CREATED_BY,CREATION_DATE,LAST_UPDATED_BY,LAST_UPDATE_DATE,LAST_UPDATED_LOGIN) values (12,4,'WESCO - Project - Default',null,2,'Oracle POC','Oracle ERP Cloud',null,null,null,null,null,null,null,null,null,null,'segment7','0000',null,null,null,null,null,null,null,null,null,null,null,null,null,to_date('06-SEP-21','DD-MON-RR'),null);
Insert into FININT.WSC_GL_COA_MAPPING_RULES_T (RULE_ID,COA_MAP_ID,RULE_NAME,DESCRIPTION,RULE_PRIORITY,SOURCE_SYSTEM,TARGET_SYSTEM,SOURCE_SEGMENT1,SOURCE_SEGMENT2,SOURCE_SEGMENT3,SOURCE_SEGMENT4,SOURCE_SEGMENT5,SOURCE_SEGMENT6,SOURCE_SEGMENT7,SOURCE_SEGMENT8,SOURCE_SEGMENT9,SOURCE_SEGMENT10,TARGET_SEGMENT,DEFAULT_VALUE,ATTRIBUTE1,ATTRIBUTE2,ATTRIBUTE3,ATTRIBUTE4,ATTRIBUTE5,ATTRIBUTE6,ATTRIBUTE7,ATTRIBUTE8,ATTRIBUTE9,ATTRIBUTE10,CREATED_BY,CREATION_DATE,LAST_UPDATED_BY,LAST_UPDATE_DATE,LAST_UPDATED_LOGIN) values (13,4,'Future Segment',null,1,'Oracle POC','Oracle ERP Cloud',null,null,null,null,null,null,null,null,null,null,'segment8','0000',null,null,null,null,null,null,null,null,null,null,null,null,null,to_date('06-SEP-21','DD-MON-RR'),null);
Insert into FININT.WSC_GL_COA_MAPPING_RULES_T (RULE_ID,COA_MAP_ID,RULE_NAME,DESCRIPTION,RULE_PRIORITY,SOURCE_SYSTEM,TARGET_SYSTEM,SOURCE_SEGMENT1,SOURCE_SEGMENT2,SOURCE_SEGMENT3,SOURCE_SEGMENT4,SOURCE_SEGMENT5,SOURCE_SEGMENT6,SOURCE_SEGMENT7,SOURCE_SEGMENT8,SOURCE_SEGMENT9,SOURCE_SEGMENT10,TARGET_SEGMENT,DEFAULT_VALUE,ATTRIBUTE1,ATTRIBUTE2,ATTRIBUTE3,ATTRIBUTE4,ATTRIBUTE5,ATTRIBUTE6,ATTRIBUTE7,ATTRIBUTE8,ATTRIBUTE9,ATTRIBUTE10,CREATED_BY,CREATION_DATE,LAST_UPDATED_BY,LAST_UPDATE_DATE,LAST_UPDATED_LOGIN) values (13,4,'Future Segment',null,1,'Oracle POC','Oracle ERP Cloud',null,null,null,null,null,null,null,null,null,null,'segment9','0000',null,null,null,null,null,null,null,null,null,null,null,null,null,to_date('06-SEP-21','DD-MON-RR'),null);
Insert into FININT.WSC_GL_COA_MAPPING_RULES_T (RULE_ID,COA_MAP_ID,RULE_NAME,DESCRIPTION,RULE_PRIORITY,SOURCE_SYSTEM,TARGET_SYSTEM,SOURCE_SEGMENT1,SOURCE_SEGMENT2,SOURCE_SEGMENT3,SOURCE_SEGMENT4,SOURCE_SEGMENT5,SOURCE_SEGMENT6,SOURCE_SEGMENT7,SOURCE_SEGMENT8,SOURCE_SEGMENT9,SOURCE_SEGMENT10,TARGET_SEGMENT,DEFAULT_VALUE,ATTRIBUTE1,ATTRIBUTE2,ATTRIBUTE3,ATTRIBUTE4,ATTRIBUTE5,ATTRIBUTE6,ATTRIBUTE7,ATTRIBUTE8,ATTRIBUTE9,ATTRIBUTE10,CREATED_BY,CREATION_DATE,LAST_UPDATED_BY,LAST_UPDATE_DATE,LAST_UPDATED_LOGIN) values (29,3,'Central COA - LE - Based on Central Branch',null,1,'CENTRAL','Oracle ERP Cloud','Y',null,null,null,null,null,null,null,null,null,'segment1',null,null,null,null,null,null,null,null,null,null,null,null,null,null,to_date('06-SEP-21','DD-MON-RR'),null);
Insert into FININT.WSC_GL_COA_MAPPING_RULES_T (RULE_ID,COA_MAP_ID,RULE_NAME,DESCRIPTION,RULE_PRIORITY,SOURCE_SYSTEM,TARGET_SYSTEM,SOURCE_SEGMENT1,SOURCE_SEGMENT2,SOURCE_SEGMENT3,SOURCE_SEGMENT4,SOURCE_SEGMENT5,SOURCE_SEGMENT6,SOURCE_SEGMENT7,SOURCE_SEGMENT8,SOURCE_SEGMENT9,SOURCE_SEGMENT10,TARGET_SEGMENT,DEFAULT_VALUE,ATTRIBUTE1,ATTRIBUTE2,ATTRIBUTE3,ATTRIBUTE4,ATTRIBUTE5,ATTRIBUTE6,ATTRIBUTE7,ATTRIBUTE8,ATTRIBUTE9,ATTRIBUTE10,CREATED_BY,CREATION_DATE,LAST_UPDATED_BY,LAST_UPDATE_DATE,LAST_UPDATED_LOGIN) values (38,3,'Central COA - OpGroup - Based on Central Branch & Account',null,1,'CENTRAL','Oracle ERP Cloud','Y','Y',null,null,null,null,null,null,null,null,'segment2',null,null,null,null,null,null,null,null,null,null,null,null,null,null,to_date('06-SEP-21','DD-MON-RR'),null);
Insert into FININT.WSC_GL_COA_MAPPING_RULES_T (RULE_ID,COA_MAP_ID,RULE_NAME,DESCRIPTION,RULE_PRIORITY,SOURCE_SYSTEM,TARGET_SYSTEM,SOURCE_SEGMENT1,SOURCE_SEGMENT2,SOURCE_SEGMENT3,SOURCE_SEGMENT4,SOURCE_SEGMENT5,SOURCE_SEGMENT6,SOURCE_SEGMENT7,SOURCE_SEGMENT8,SOURCE_SEGMENT9,SOURCE_SEGMENT10,TARGET_SEGMENT,DEFAULT_VALUE,ATTRIBUTE1,ATTRIBUTE2,ATTRIBUTE3,ATTRIBUTE4,ATTRIBUTE5,ATTRIBUTE6,ATTRIBUTE7,ATTRIBUTE8,ATTRIBUTE9,ATTRIBUTE10,CREATED_BY,CREATION_DATE,LAST_UPDATED_BY,LAST_UPDATE_DATE,LAST_UPDATED_LOGIN) values (33,3,'Central COA - OpGroup - Based on Central Branch',null,2,'CENTRAL','Oracle ERP Cloud','Y',null,null,null,null,null,null,null,null,null,'segment2',null,null,null,null,null,null,null,null,null,null,null,null,null,null,to_date('06-SEP-21','DD-MON-RR'),null);
Insert into FININT.WSC_GL_COA_MAPPING_RULES_T (RULE_ID,COA_MAP_ID,RULE_NAME,DESCRIPTION,RULE_PRIORITY,SOURCE_SYSTEM,TARGET_SYSTEM,SOURCE_SEGMENT1,SOURCE_SEGMENT2,SOURCE_SEGMENT3,SOURCE_SEGMENT4,SOURCE_SEGMENT5,SOURCE_SEGMENT6,SOURCE_SEGMENT7,SOURCE_SEGMENT8,SOURCE_SEGMENT9,SOURCE_SEGMENT10,TARGET_SEGMENT,DEFAULT_VALUE,ATTRIBUTE1,ATTRIBUTE2,ATTRIBUTE3,ATTRIBUTE4,ATTRIBUTE5,ATTRIBUTE6,ATTRIBUTE7,ATTRIBUTE8,ATTRIBUTE9,ATTRIBUTE10,CREATED_BY,CREATION_DATE,LAST_UPDATED_BY,LAST_UPDATE_DATE,LAST_UPDATED_LOGIN) values (30,3,'Central COA - Account - Based on Central Account',null,1,'CENTRAL','Oracle ERP Cloud',null,'Y',null,null,null,null,null,null,null,null,'segment3',null,null,null,null,null,null,null,null,null,null,null,null,null,null,to_date('06-SEP-21','DD-MON-RR'),null);
Insert into FININT.WSC_GL_COA_MAPPING_RULES_T (RULE_ID,COA_MAP_ID,RULE_NAME,DESCRIPTION,RULE_PRIORITY,SOURCE_SYSTEM,TARGET_SYSTEM,SOURCE_SEGMENT1,SOURCE_SEGMENT2,SOURCE_SEGMENT3,SOURCE_SEGMENT4,SOURCE_SEGMENT5,SOURCE_SEGMENT6,SOURCE_SEGMENT7,SOURCE_SEGMENT8,SOURCE_SEGMENT9,SOURCE_SEGMENT10,TARGET_SEGMENT,DEFAULT_VALUE,ATTRIBUTE1,ATTRIBUTE2,ATTRIBUTE3,ATTRIBUTE4,ATTRIBUTE5,ATTRIBUTE6,ATTRIBUTE7,ATTRIBUTE8,ATTRIBUTE9,ATTRIBUTE10,CREATED_BY,CREATION_DATE,LAST_UPDATED_BY,LAST_UPDATE_DATE,LAST_UPDATED_LOGIN) values (31,3,'Central COA - Department - Based on Account',null,1,'CENTRAL','Oracle ERP Cloud',null,'Y',null,null,null,null,null,null,null,null,'segment4',null,null,null,null,null,null,null,null,null,null,null,null,null,null,to_date('06-SEP-21','DD-MON-RR'),null);
Insert into FININT.WSC_GL_COA_MAPPING_RULES_T (RULE_ID,COA_MAP_ID,RULE_NAME,DESCRIPTION,RULE_PRIORITY,SOURCE_SYSTEM,TARGET_SYSTEM,SOURCE_SEGMENT1,SOURCE_SEGMENT2,SOURCE_SEGMENT3,SOURCE_SEGMENT4,SOURCE_SEGMENT5,SOURCE_SEGMENT6,SOURCE_SEGMENT7,SOURCE_SEGMENT8,SOURCE_SEGMENT9,SOURCE_SEGMENT10,TARGET_SEGMENT,DEFAULT_VALUE,ATTRIBUTE1,ATTRIBUTE2,ATTRIBUTE3,ATTRIBUTE4,ATTRIBUTE5,ATTRIBUTE6,ATTRIBUTE7,ATTRIBUTE8,ATTRIBUTE9,ATTRIBUTE10,CREATED_BY,CREATION_DATE,LAST_UPDATED_BY,LAST_UPDATE_DATE,LAST_UPDATED_LOGIN) values (34,3,'Central COA - Department - Based on Central Branch',null,2,'CENTRAL','Oracle ERP Cloud','Y',null,null,null,null,null,null,null,null,null,'segment4',null,null,null,null,null,null,null,null,null,null,null,null,null,null,to_date('06-SEP-21','DD-MON-RR'),null);
Insert into FININT.WSC_GL_COA_MAPPING_RULES_T (RULE_ID,COA_MAP_ID,RULE_NAME,DESCRIPTION,RULE_PRIORITY,SOURCE_SYSTEM,TARGET_SYSTEM,SOURCE_SEGMENT1,SOURCE_SEGMENT2,SOURCE_SEGMENT3,SOURCE_SEGMENT4,SOURCE_SEGMENT5,SOURCE_SEGMENT6,SOURCE_SEGMENT7,SOURCE_SEGMENT8,SOURCE_SEGMENT9,SOURCE_SEGMENT10,TARGET_SEGMENT,DEFAULT_VALUE,ATTRIBUTE1,ATTRIBUTE2,ATTRIBUTE3,ATTRIBUTE4,ATTRIBUTE5,ATTRIBUTE6,ATTRIBUTE7,ATTRIBUTE8,ATTRIBUTE9,ATTRIBUTE10,CREATED_BY,CREATION_DATE,LAST_UPDATED_BY,LAST_UPDATE_DATE,LAST_UPDATED_LOGIN) values (8,3,'WESCO - Department - Default',null,3,'CENTRAL','Oracle ERP Cloud',null,null,null,null,null,null,null,null,null,null,'segment4','9999',null,null,null,null,null,null,null,null,null,null,null,null,null,to_date('06-SEP-21','DD-MON-RR'),null);
Insert into FININT.WSC_GL_COA_MAPPING_RULES_T (RULE_ID,COA_MAP_ID,RULE_NAME,DESCRIPTION,RULE_PRIORITY,SOURCE_SYSTEM,TARGET_SYSTEM,SOURCE_SEGMENT1,SOURCE_SEGMENT2,SOURCE_SEGMENT3,SOURCE_SEGMENT4,SOURCE_SEGMENT5,SOURCE_SEGMENT6,SOURCE_SEGMENT7,SOURCE_SEGMENT8,SOURCE_SEGMENT9,SOURCE_SEGMENT10,TARGET_SEGMENT,DEFAULT_VALUE,ATTRIBUTE1,ATTRIBUTE2,ATTRIBUTE3,ATTRIBUTE4,ATTRIBUTE5,ATTRIBUTE6,ATTRIBUTE7,ATTRIBUTE8,ATTRIBUTE9,ATTRIBUTE10,CREATED_BY,CREATION_DATE,LAST_UPDATED_BY,LAST_UPDATE_DATE,LAST_UPDATED_LOGIN) values (39,3,'Central COA - Site - Based on Central Branch & Account',null,1,'CENTRAL','Oracle ERP Cloud','Y','Y',null,null,null,null,null,null,null,null,'segment5',null,null,null,null,null,null,null,null,null,null,null,null,null,null,to_date('06-SEP-21','DD-MON-RR'),null);
Insert into FININT.WSC_GL_COA_MAPPING_RULES_T (RULE_ID,COA_MAP_ID,RULE_NAME,DESCRIPTION,RULE_PRIORITY,SOURCE_SYSTEM,TARGET_SYSTEM,SOURCE_SEGMENT1,SOURCE_SEGMENT2,SOURCE_SEGMENT3,SOURCE_SEGMENT4,SOURCE_SEGMENT5,SOURCE_SEGMENT6,SOURCE_SEGMENT7,SOURCE_SEGMENT8,SOURCE_SEGMENT9,SOURCE_SEGMENT10,TARGET_SEGMENT,DEFAULT_VALUE,ATTRIBUTE1,ATTRIBUTE2,ATTRIBUTE3,ATTRIBUTE4,ATTRIBUTE5,ATTRIBUTE6,ATTRIBUTE7,ATTRIBUTE8,ATTRIBUTE9,ATTRIBUTE10,CREATED_BY,CREATION_DATE,LAST_UPDATED_BY,LAST_UPDATE_DATE,LAST_UPDATED_LOGIN) values (35,3,'Central COA - Site - Based on Central Branch',null,2,'CENTRAL','Oracle ERP Cloud','Y',null,null,null,null,null,null,null,null,null,'segment5',null,null,null,null,null,null,null,null,null,null,null,null,null,null,to_date('06-SEP-21','DD-MON-RR'),null);
Insert into FININT.WSC_GL_COA_MAPPING_RULES_T (RULE_ID,COA_MAP_ID,RULE_NAME,DESCRIPTION,RULE_PRIORITY,SOURCE_SYSTEM,TARGET_SYSTEM,SOURCE_SEGMENT1,SOURCE_SEGMENT2,SOURCE_SEGMENT3,SOURCE_SEGMENT4,SOURCE_SEGMENT5,SOURCE_SEGMENT6,SOURCE_SEGMENT7,SOURCE_SEGMENT8,SOURCE_SEGMENT9,SOURCE_SEGMENT10,TARGET_SEGMENT,DEFAULT_VALUE,ATTRIBUTE1,ATTRIBUTE2,ATTRIBUTE3,ATTRIBUTE4,ATTRIBUTE5,ATTRIBUTE6,ATTRIBUTE7,ATTRIBUTE8,ATTRIBUTE9,ATTRIBUTE10,CREATED_BY,CREATION_DATE,LAST_UPDATED_BY,LAST_UPDATE_DATE,LAST_UPDATED_LOGIN) values (26,3,'Site - Default',null,3,'CENTRAL','Oracle ERP Cloud',null,null,null,null,null,null,null,null,null,null,'segment5','99999',null,null,null,null,null,null,null,null,null,null,null,null,null,to_date('06-SEP-21','DD-MON-RR'),null);
Insert into FININT.WSC_GL_COA_MAPPING_RULES_T (RULE_ID,COA_MAP_ID,RULE_NAME,DESCRIPTION,RULE_PRIORITY,SOURCE_SYSTEM,TARGET_SYSTEM,SOURCE_SEGMENT1,SOURCE_SEGMENT2,SOURCE_SEGMENT3,SOURCE_SEGMENT4,SOURCE_SEGMENT5,SOURCE_SEGMENT6,SOURCE_SEGMENT7,SOURCE_SEGMENT8,SOURCE_SEGMENT9,SOURCE_SEGMENT10,TARGET_SEGMENT,DEFAULT_VALUE,ATTRIBUTE1,ATTRIBUTE2,ATTRIBUTE3,ATTRIBUTE4,ATTRIBUTE5,ATTRIBUTE6,ATTRIBUTE7,ATTRIBUTE8,ATTRIBUTE9,ATTRIBUTE10,CREATED_BY,CREATION_DATE,LAST_UPDATED_BY,LAST_UPDATE_DATE,LAST_UPDATED_LOGIN) values (37,3,'Central COA - IC - Default',null,1,'CENTRAL','Oracle ERP Cloud',null,null,null,null,null,null,null,null,null,null,'segment6','0000',null,null,null,null,null,null,null,null,null,null,null,null,null,to_date('06-SEP-21','DD-MON-RR'),null);
Insert into FININT.WSC_GL_COA_MAPPING_RULES_T (RULE_ID,COA_MAP_ID,RULE_NAME,DESCRIPTION,RULE_PRIORITY,SOURCE_SYSTEM,TARGET_SYSTEM,SOURCE_SEGMENT1,SOURCE_SEGMENT2,SOURCE_SEGMENT3,SOURCE_SEGMENT4,SOURCE_SEGMENT5,SOURCE_SEGMENT6,SOURCE_SEGMENT7,SOURCE_SEGMENT8,SOURCE_SEGMENT9,SOURCE_SEGMENT10,TARGET_SEGMENT,DEFAULT_VALUE,ATTRIBUTE1,ATTRIBUTE2,ATTRIBUTE3,ATTRIBUTE4,ATTRIBUTE5,ATTRIBUTE6,ATTRIBUTE7,ATTRIBUTE8,ATTRIBUTE9,ATTRIBUTE10,CREATED_BY,CREATION_DATE,LAST_UPDATED_BY,LAST_UPDATE_DATE,LAST_UPDATED_LOGIN) values (36,3,'Central COA - Project - Based on Central Branch',null,1,'CENTRAL','Oracle ERP Cloud','Y',null,null,null,null,null,null,null,null,null,'segment7',null,null,null,null,null,null,null,null,null,null,null,null,null,null,to_date('06-SEP-21','DD-MON-RR'),null);
Insert into FININT.WSC_GL_COA_MAPPING_RULES_T (RULE_ID,COA_MAP_ID,RULE_NAME,DESCRIPTION,RULE_PRIORITY,SOURCE_SYSTEM,TARGET_SYSTEM,SOURCE_SEGMENT1,SOURCE_SEGMENT2,SOURCE_SEGMENT3,SOURCE_SEGMENT4,SOURCE_SEGMENT5,SOURCE_SEGMENT6,SOURCE_SEGMENT7,SOURCE_SEGMENT8,SOURCE_SEGMENT9,SOURCE_SEGMENT10,TARGET_SEGMENT,DEFAULT_VALUE,ATTRIBUTE1,ATTRIBUTE2,ATTRIBUTE3,ATTRIBUTE4,ATTRIBUTE5,ATTRIBUTE6,ATTRIBUTE7,ATTRIBUTE8,ATTRIBUTE9,ATTRIBUTE10,CREATED_BY,CREATION_DATE,LAST_UPDATED_BY,LAST_UPDATE_DATE,LAST_UPDATED_LOGIN) values (12,3,'WESCO - Project - Default',null,2,'CENTRAL','Oracle ERP Cloud',null,null,null,null,null,null,null,null,null,null,'segment7','0000',null,null,null,null,null,null,null,null,null,null,null,null,null,to_date('06-SEP-21','DD-MON-RR'),null);
Insert into FININT.WSC_GL_COA_MAPPING_RULES_T (RULE_ID,COA_MAP_ID,RULE_NAME,DESCRIPTION,RULE_PRIORITY,SOURCE_SYSTEM,TARGET_SYSTEM,SOURCE_SEGMENT1,SOURCE_SEGMENT2,SOURCE_SEGMENT3,SOURCE_SEGMENT4,SOURCE_SEGMENT5,SOURCE_SEGMENT6,SOURCE_SEGMENT7,SOURCE_SEGMENT8,SOURCE_SEGMENT9,SOURCE_SEGMENT10,TARGET_SEGMENT,DEFAULT_VALUE,ATTRIBUTE1,ATTRIBUTE2,ATTRIBUTE3,ATTRIBUTE4,ATTRIBUTE5,ATTRIBUTE6,ATTRIBUTE7,ATTRIBUTE8,ATTRIBUTE9,ATTRIBUTE10,CREATED_BY,CREATION_DATE,LAST_UPDATED_BY,LAST_UPDATE_DATE,LAST_UPDATED_LOGIN) values (13,3,'Future Segment',null,1,'CENTRAL','Oracle ERP Cloud',null,null,null,null,null,null,null,null,null,null,'segment8','0000',null,null,null,null,null,null,null,null,null,null,null,null,null,to_date('06-SEP-21','DD-MON-RR'),null);
Insert into FININT.WSC_GL_COA_MAPPING_RULES_T (RULE_ID,COA_MAP_ID,RULE_NAME,DESCRIPTION,RULE_PRIORITY,SOURCE_SYSTEM,TARGET_SYSTEM,SOURCE_SEGMENT1,SOURCE_SEGMENT2,SOURCE_SEGMENT3,SOURCE_SEGMENT4,SOURCE_SEGMENT5,SOURCE_SEGMENT6,SOURCE_SEGMENT7,SOURCE_SEGMENT8,SOURCE_SEGMENT9,SOURCE_SEGMENT10,TARGET_SEGMENT,DEFAULT_VALUE,ATTRIBUTE1,ATTRIBUTE2,ATTRIBUTE3,ATTRIBUTE4,ATTRIBUTE5,ATTRIBUTE6,ATTRIBUTE7,ATTRIBUTE8,ATTRIBUTE9,ATTRIBUTE10,CREATED_BY,CREATION_DATE,LAST_UPDATED_BY,LAST_UPDATE_DATE,LAST_UPDATED_LOGIN) values (13,3,'Future Segment',null,1,'CENTRAL','Oracle ERP Cloud',null,null,null,null,null,null,null,null,null,null,'segment9','0000',null,null,null,null,null,null,null,null,null,null,null,null,null,to_date('06-SEP-21','DD-MON-RR'),null);
Insert into FININT.WSC_GL_COA_MAPPING_RULES_T (RULE_ID,COA_MAP_ID,RULE_NAME,DESCRIPTION,RULE_PRIORITY,SOURCE_SYSTEM,TARGET_SYSTEM,SOURCE_SEGMENT1,SOURCE_SEGMENT2,SOURCE_SEGMENT3,SOURCE_SEGMENT4,SOURCE_SEGMENT5,SOURCE_SEGMENT6,SOURCE_SEGMENT7,SOURCE_SEGMENT8,SOURCE_SEGMENT9,SOURCE_SEGMENT10,TARGET_SEGMENT,DEFAULT_VALUE,ATTRIBUTE1,ATTRIBUTE2,ATTRIBUTE3,ATTRIBUTE4,ATTRIBUTE5,ATTRIBUTE6,ATTRIBUTE7,ATTRIBUTE8,ATTRIBUTE9,ATTRIBUTE10,CREATED_BY,CREATION_DATE,LAST_UPDATED_BY,LAST_UPDATE_DATE,LAST_UPDATED_LOGIN) values (40,1,'WESCO - LE - LE Based on Branch',null,3,'Oracle EBS','Oracle ERP Cloud',null,'Y',null,null,null,null,null,null,null,null,'segment1',null,null,null,null,null,null,null,null,null,null,null,null,to_date('24-SEP-21','DD-MON-RR'),null,to_date('24-SEP-21','DD-MON-RR'),null);
commit;